ID_Samples;3921.568617;3935.185168;3948.801719;3962.418269;3976.03482;3989.651371;4003.267922;4016.884472;4030.501023;4044.117574;4057.734124;4071.350675;4084.967226;4098.583777;4112.200327;4125.816878;4139.433429;4153.049979;4166.66653;4180.283081;4193.899632;4207.516182;4221.132733;4234.749284;4248.365834;4261.982385;4275.598936;4289.215486;4302.832037;4316.448588;4330.065139;4343.681689;4357.29824;4370.914791;4384.531341;4398.147892;4411.764443;4425.380994;4438.997544;4452.614095;4466.230646;4479.847196;4493.463747;4507.080298;4520.696849;4534.313399;4547.92995;4561.546501;4575.163051;4588.779602;4602.396153;4616.012704;4629.629254;4643.245805;4656.862356;4670.478906;4684.095457;4697.712008;4711.328559;4724.945109;4738.56166;4752.178211;4765.794761;4779.411312;4793.027863;4806.644414;4820.260964;4833.877515;4847.494066;4861.110616;4874.727167;4888.343718;4901.960269;4915.576819;4929.19337;4942.809921;4956.426471;4970.043022;4983.659573;4997.276124;5010.892674;5024.509225;5038.125776;5051.742326;5065.358877;5078.975428;5092.591979;5106.208529;5119.82508;5133.441631;5147.058181;5160.674732;5174.291283;5187.907834;5201.524384;5215.140935;5228.757486;5242.374036;5255.990587;5269.607138;5283.223689;5296.840239;5310.45679;5324.073341;5337.689891;5351.306442;5364.922993;5378.539544;5392.156094;5405.772645;5419.389196;5433.005746;5446.622297;5460.238848;5473.855399;5487.471949;5501.0885;5514.705051;5528.321601;5541.938152;5555.554703;5569.171254;5582.787804;5596.404355;5610.020906;5623.637456;5637.254007;5650.870558;5664.487109;5678.103659;5691.72021;5705.336761;5718.953311;5732.569862;5746.186413;5759.802964;5773.419514;5787.036065;5800.652616;5814.269166;5827.885717;5841.502268;5855.118819;5868.735369;5882.35192;5895.968471;5909.585021;5923.201572;5936.818123;5950.434674;5964.051224;5977.667775;5991.284326;6004.900876;6018.517427;6032.133978;6045.750529;6059.367079;6072.98363;6086.600181;6100.216731;6113.833282;6127.449833;6141.066384;6154.682934;6168.299485;6181.916036;6195.532586;6209.149137;6222.765688;6236.382239;6249.998789;6263.61534;6277.231891;6290.848441;6304.464992;6318.081543;6331.698094;6345.314644;6358.931195;6372.547746;6386.164296;6399.780847;6413.397398;6427.013949;6440.630499;6454.24705;6467.863601;6481.480151;6495.096702;6508.713253;6522.329804;6535.946354;6549.562905;6563.179456;6576.796006;6590.412557;6604.029108;6617.645659;6631.262209;6644.87876;6658.495311;6672.111861;6685.728412;6699.344963;6712.961514;6726.578064;6740.194615;6753.811166;6767.427716;6781.044267;6794.660818;6808.277369;6821.893919;6835.51047;6849.127021;6862.743571;6876.360122;6889.976673;6903.593224;6917.209774;6930.826325;6944.442876;6958.059426;6971.675977;6985.292528;6998.909079;7012.525629;7026.14218;7039.758731;7053.375281;7066.991832;7080.608383;7094.224934;7107.841484;7121.458035;7135.074586;7148.691136;7162.307687;7175.924238;7189.540789;7203.157339;7216.77389;7230.390441;7244.006991;7257.623542;7271.240093;7284.856644;7298.473194;7312.089745;7325.706296;7339.322846;7352.939397;7366.555948;7380.172499;7393.789049;7407.4056
1;15.57892674;15.28158655;14.96826441;14.64381789;14.32172522;14.02460135;13.78836104;13.65473712;13.6633985;13.85006923;14.22977204;14.78808767;15.47937969;16.23313406;16.96742058;17.60528403;18.09064508;18.40004228;18.53930701;18.56249409;18.5250159;18.46973895;18.41866939;18.37399288;18.32836934;18.27787816;18.23016494;18.20302999;18.21431075;18.2693069;18.3533273;18.43195832;18.4776373;18.48536052;18.48307022;18.52587151;18.67452374;18.96734317;19.39848629;19.91276371;20.42011425;20.82179402;21.0432175;21.08467767;20.99032207;20.83228905;20.68130059;20.58377965;20.55408673;20.58231855;20.65086092;20.74992053;20.88403385;21.06923745;21.3142969;21.60773738;21.92004882;22.2110387;22.4447936;22.60279752;22.68851752;22.7216039;22.72601877;22.7190568;22.70754164;22.69309122;22.68482049;22.70689158;22.79734215;22.99694558;23.33249422;23.80172669;24.36688865;24.96073391;25.50360044;25.92502335;26.17693409;26.2480422;26.17223154;25.99121875;25.74996175;25.48663183;25.22720506;24.98462093;24.76113918;24.5520703;24.34957466;24.14599297;23.93697023;23.72626862;23.52865997;23.37232504;23.29988591;23.36651445;23.63374124;24.15811129;24.97514477;26.08250074;27.4294458;28.9198235;30.41798744;31.79494367;32.95667454;33.85223909;34.47639664;34.86158051;35.06222205;35.13576401;35.12672265;35.05933946;34.94118645;34.77217277;34.56648141;34.34807936;34.14659755;33.98556569;33.87168896;33.79222789;33.72288748;33.6420888;33.54368087;33.44043319;33.3566304;33.30719231;33.27868342;33.23260564;33.11950525;32.9031665;32.5829625;32.2023473;31.83818439;31.57390801;31.46777423;31.53230543;31.72884078;31.97716717;32.21409804;32.40483442;32.54721549;32.65910851;32.7587454;32.85030844;32.9235385;32.96737322;32.98934167;33.03254357;33.16352196;33.44164296;33.89331241;34.49566106;35.18061553;35.85789458;36.44678963;36.90315539;37.22991506;37.46708133;37.66697433;37.86836402;38.0743112;38.26262201;38.4043205;38.48216054;38.50070899;38.48400435;38.46291891;38.45956118;38.47706446;38.49913853;38.49944757;38.46085663;38.38119952;38.27274906;38.15611288;38.05230894;37.97730782;37.94046888;37.94615018;37.99552349;38.08739038;38.21311603;38.35346353;38.48440596;38.58109384;38.62566565;38.61381577;38.55594052;38.4722799;38.38355944;38.30168676;38.22526127;38.14040205;38.03269182;37.89691824;37.74209365;37.59029896;37.46940114;37.40244098;37.3977645;37.44368788;37.50970309;37.55421065;37.53671149;37.44762023;37.30776848;37.16822281;37.0944735;37.14029383;37.31874181;37.58285239;37.82712412;37.91514204;37.72263594;37.19552973;36.43168856;35.60861335;34.94795159;34.64173106;34.78581165;35.34920172;36.19280455;37.13060495;38.00619746;38.74941762;39.40425975;40.09337098;40.92224706;41.930786;43.0740245;44.24868401;45.3494252;46.32204726;47.18665318;48.02020105;48.9109905;49.89986151;50.94216777;51.9456258;52.81793774;53.51463633;54.05810123;54.52132961;54.98754652;55.50718614;56.07444114;56.63078078;57.10313944;57.46020395;57.71892715;57.93223745;58.15892008;58.43638959;58.77084016;59.14877017;59.5604672;60.01873491;60.56280148;61.22021227
2;21.30900454;20.91991041;20.49010226;20.02176416;19.53642438;19.07631241;18.70823966;18.5066574;18.53450312;18.84268866;19.44362254;20.30427951;21.35025294;22.47854524;23.57684456;24.54341118;25.30486764;25.82942192;26.1215771;26.25009648;26.28743749;26.29140438;26.2925891;26.29338978;26.28053818;26.24353338;26.18908038;26.14335183;26.14048614;26.20358032;26.33030146;26.47734255;26.59514911;26.64966345;26.64510592;26.62991951;26.68031382;26.86790998;27.22613482;27.73067231;28.30284397;28.83298829;29.21588034;29.41571089;29.45389695;29.39542792;29.31654138;29.27300288;29.282739;29.32830106;29.37501097;29.39412737;29.37912811;29.34817843;29.33328373;29.35448783;29.40946085;29.47478469;29.51865978;29.51863385;29.47522563;29.41464617;29.38003398;29.41603881;29.55403481;29.81079162;30.16708686;30.60022143;31.08810427;31.61336136;32.16206137;32.71883891;33.26265248;33.76642829;34.20134257;34.54338554;34.77585379;34.89433151;34.91157714;34.83833338;34.68563958;34.46408537;34.18465874;33.85987939;33.50371403;33.13010591;32.75099702;32.37524214;32.01128865;31.66875653;31.36585512;31.13418571;31.02000675;31.08063924;31.37510602;31.94936118;32.81866667;33.95293972;35.27269028;36.65894113;37.96962234;39.09551345;39.9727263;40.58722276;40.96843532;41.17306127;41.26389574;41.29021216;41.2763315;41.22249376;41.11700041;40.95041388;40.74111496;40.52314469;40.33509552;40.20277471;40.12675686;40.08255021;40.03422585;39.9546341;39.8415456;39.72033653;39.63278102;39.60736278;39.63214683;39.66038413;39.62834197;39.486739;39.22993108;38.90794092;38.61393378;38.45040056;38.48782887;38.73633816;39.13541766;39.56972506;39.94409181;40.20401708;40.34660583;40.40748992;40.433675;40.45752014;40.48509186;40.5034168;40.50105263;40.49017213;40.51490705;40.62816373;40.8671979;41.23288782;41.68477305;42.15496297;42.5743919;42.89959929;43.12737113;43.29089803;43.44061548;43.61653528;43.82375017;44.03864573;44.22446972;44.35128152;44.41081853;44.4199284;44.411642;44.41898843;44.45947216;44.52790359;44.59719236;44.63771586;44.63205247;44.58145255;44.505293;44.43352466;44.39580166;44.41152083;44.48441854;44.60299075;44.74656011;44.8918465;45.02448113;45.14134245;45.24815426;45.35416424;45.46618457;45.58365757;45.69772385;45.79405592;45.85808149;45.87966321;45.85682675;45.79975108;45.72018782;45.63164682;45.54869177;45.48755338;45.46520474;45.49454591;45.57560866;45.68678501;45.78114451;45.7912439;45.67319047;45.42325881;45.09412657;44.78476513;44.60365191;44.61647746;44.80164849;45.03724378;45.13252571;44.89152198;44.20201088;43.16708493;42.01667273;41.05562716;40.55617892;40.66063517;41.33560733;42.39754379;43.59689501;44.72257116;45.6769154;46.50835795;47.36319672;48.36188974;49.54348374;50.84927761;52.16144838;53.37193322;54.44057272;55.41090454;56.37717031;57.42505239;58.56638753;59.71971816;60.76853811;61.62112305;62.25822715;62.73848795;63.16185052;63.61407065;64.12210299;64.64503415;65.09753173;65.41319409;65.59803773;65.71213737;65.83662317;66.02827687;66.29286978;66.59264538;66.88256538;67.15283986;67.44916647;67.86335402;68.45970642
3;29.2621196;28.75636022;28.21893029;27.66832392;27.13993376;26.68379809;26.36931623;26.26286248;26.41385856;26.86608882;27.62407303;28.6514644;29.87820195;31.2110172;32.54850662;33.79560554;34.87616642;35.74312609;36.37194855;36.79553792;37.05653789;37.19473955;37.23931838;37.20775965;37.11379967;36.97794769;36.83326658;36.72137562;36.67994073;36.72863094;36.86591871;37.0584705;37.28203732;37.53483111;37.84694859;38.27167077;38.85992663;39.62916956;40.54152006;41.50251035;42.38338384;43.05496809;43.43003882;43.52880591;43.42239063;43.21057775;42.98062005;42.77803499;42.60036665;42.413384;42.1792914;41.88206631;41.53820604;41.19080045;40.88774194;40.65134458;40.47530182;40.33248117;40.19338736;40.04523492;39.90190193;39.80033085;39.7863413;39.89748651;40.15103499;40.54943631;41.06201403;41.66494963;42.34052123;43.07571783;43.85567869;44.65622884;45.44075963;46.16397982;46.78101781;47.25707837;47.56868291;47.70804296;47.68966034;47.52368008;47.22231216;46.8007524;46.27842946;45.67812276;45.02250682;44.3298907;43.61238331;42.87873972;42.14403697;41.43965467;40.81879951;40.35733225;40.1461966;40.27800104;40.82960371;41.84299354;43.3077846;45.15104311;47.24128412;49.40624603;51.45423758;53.24301788;54.68650844;55.75840581;56.48521397;56.92990328;57.17006273;57.2755204;57.29215139;57.23741167;57.10934505;56.90002526;56.6288244;56.33255496;56.05731362;55.83922331;55.68659536;55.57479256;55.45811177;55.29390885;55.0667918;54.80042859;54.55233491;54.38437454;54.31833517;54.32896697;54.35259099;54.3172255;54.17999341;53.95301678;53.70474413;53.53453976;53.53023762;53.73024732;54.10004106;54.5298539;54.91177659;55.16819923;55.27524709;55.26125752;55.18483931;55.10574864;55.06286737;55.06813585;55.11623864;55.20340547;55.33331664;55.51954707;55.77051747;56.07678798;56.40762964;56.71945625;56.97206224;57.1446186;57.24248316;57.29155323;57.32288675;57.35601447;57.3878081;57.40150963;57.37969414;57.31588883;57.21854887;57.10592629;56.99477101;56.88990839;56.7809298;56.64711577;56.47199978;56.25720397;56.01940289;55.78451598;55.57728824;55.41278856;55.29353156;55.21341783;55.1644982;55.14191498;55.14488447;55.17104553;55.21082909;55.25054386;55.27632657;55.28102666;55.26854937;55.25150641;55.24311116;55.24708248;55.25173508;55.23176958;55.15825426;55.02319313;54.83968131;54.64083523;54.467333;54.35133699;54.30313302;54.30671963;54.32515548;54.31318254;54.22997547;54.05022477;53.78432918;53.46163851;53.12928307;52.8419504;52.64726465;52.56837662;52.58884088;52.64702588;52.64653192;52.48215384;52.08194509;51.4843613;50.80476758;50.21621948;49.89250713;49.94588012;50.38496295;51.11278472;51.96834049;52.7949709;53.50317097;54.11374592;54.74357503;55.51355764;56.49174651;57.65880764;58.92041657;60.15917813;61.29507279;62.32243331;63.30539008;64.33765346;65.48006994;66.70288177;67.910884;68.98839998;69.85528034;70.50008294;70.97608499;71.36829275;71.74958227;72.15046474;72.55253492;72.91337634;73.21209384;73.46187243;73.70087685;73.9660142;74.2690353;74.59138731;74.90152236;75.18527941;75.4683239;75.81944375;76.30485862
4;29.31330435;28.79970745;28.26134793;27.71703979;27.19887665;26.75215474;26.44291967;26.33822791;26.49027809;26.94804702;27.7166614;28.75567176;29.98887128;31.31808685;32.64147453;33.86887371;34.93246422;35.79305224;36.42992559;36.8708258;37.14880839;37.29433826;37.33217135;37.28269324;37.16846351;37.02030993;36.87761256;36.78073088;36.75874318;36.81959847;36.95201749;37.12480734;37.32442019;37.56480786;37.89002441;38.35907297;39.01763556;39.86888339;40.85708497;41.87262718;42.77875582;43.44613898;43.79426864;43.85425598;43.70539639;43.45307673;43.18799639;42.95794768;42.76211049;42.56668955;42.33199364;42.03716671;41.69169754;41.33129511;41.00068534;40.72558937;40.50789143;40.33082819;40.17334046;40.0256296;39.89796777;39.81869767;39.82350841;39.94214361;40.18885967;40.5678889;41.0556066;41.6348489;42.29295944;43.01984666;43.80164088;44.61378399;45.41831668;46.16748816;46.81263754;47.31401812;47.64250146;47.78523858;47.75519671;47.56329701;47.22497059;46.76027644;46.19394188;45.55366048;44.86602737;44.15207316;43.42499594;42.69245629;41.96596506;41.27012679;40.65193762;40.18368785;39.9578121;40.07416875;40.62118672;41.65309186;43.16772204;45.09263677;47.2883535;49.56907364;51.72857353;53.6161136;55.14345558;56.28586133;57.07178028;57.56378393;57.83618733;57.95473221;57.96366821;57.88415524;57.72340335;57.48612215;57.20054918;56.90448749;56.63749336;56.42496685;56.26598409;56.13291257;55.98493006;55.78942065;55.54083279;55.26709717;55.02179428;54.85540156;54.77932904;54.76492992;54.7539217;54.68608232;54.53049244;54.30514446;54.07495008;53.92751545;53.93634521;54.12958934;54.47188921;54.86425908;55.21119436;55.44365176;55.53881143;55.51889937;55.4340144;55.33871357;55.27386625;55.26011972;55.30265193;55.40507227;55.56631665;55.78871261;56.06788125;56.3860702;56.71222492;57.00994467;57.24931081;57.41686901;57.51829844;57.5723141;57.59801521;57.60630745;57.59388679;57.5510229;57.47165732;57.35988454;57.22984722;57.09886784;56.97769179;56.86394946;56.74253298;56.59208855;56.39911655;56.16827181;55.91694334;55.66854864;55.44357506;55.25325692;55.09923482;54.97810076;54.88732973;54.82801666;54.80428418;54.81540757;54.84888528;54.88607595;54.90699636;54.89887294;54.86244565;54.81115047;54.76375615;54.73326289;54.71783348;54.69901026;54.64682572;54.54140137;54.38014267;54.18150587;53.97891305;53.80838635;53.69426339;53.639357;53.62236697;53.60399049;53.53786209;53.38355349;53.13595251;52.81701723;52.47585139;52.17539247;51.97148887;51.89081905;51.9142094;51.97449704;51.97280707;51.80778276;51.41779174;50.8479892;50.21080472;49.66338535;49.35550331;49.37850204;49.73575051;50.34712802;51.08573323;51.83174642;52.51897439;53.16320588;53.84625243;54.65103068;55.62209163;56.74441294;57.95414348;59.17387014;60.35053672;61.47611631;62.58130022;63.7069939;64.86724364;66.02676552;67.11853986;68.07509433;68.86019101;69.48231101;69.98580439;70.42712579;70.84983843;71.27149257;71.68419274;72.07082394;72.42373236;72.74588609;73.04384851;73.3174313;73.55776174;73.75809995;73.93205762;74.12582489;74.41104087;74.86663314;75.51112515
5;21.92421914;21.55908128;21.15718636;20.72183114;20.27691481;19.8658012;19.55283332;19.40382808;19.46760934;19.78725355;20.3673722;21.17379232;22.14122307;23.18303319;24.20564478;25.12289648;25.86934728;26.41135275;26.74311324;26.91559802;26.98676018;27.00619582;27.0040063;26.98853123;26.95537282;26.9016732;26.83740339;26.78684945;26.77907678;26.83281255;26.94639572;27.08561799;27.21510618;27.31550637;27.39995443;27.51486518;27.72212461;28.06987613;28.56541353;29.16301068;29.77322061;30.28800195;30.61609074;30.74357197;30.70781339;30.58202221;30.4424223;30.33973755;30.28664242;30.2642496;30.24172583;30.19786485;30.13375025;30.07219594;30.04300361;30.05961117;30.113421;30.17768805;30.2215268;30.22616207;30.19506139;30.15313925;30.13648832;30.17858997;30.29984687;30.50978189;30.79587466;31.14941864;31.56624875;32.04486583;32.57989102;33.1546898;33.73827035;34.28889137;34.76348714;35.12829981;35.36253026;35.46334398;35.44922548;35.33601101;35.13928987;34.87358347;34.55331258;34.19355768;33.80906141;33.41183056;33.00913351;32.60395557;32.19995635;31.80843501;31.45561421;31.18569656;31.05830512;31.14031847;31.49318426;32.15752379;33.13785508;34.39244002;35.83416875;37.34341344;38.7837971;40.05153484;41.08280444;41.85570776;42.38527682;42.71184722;42.88592088;42.95324149;42.94463349;42.87396177;42.74458386;42.55826694;42.33567988;42.1065645;41.90323994;41.74762129;41.64105521;41.56373617;41.48517276;41.38095265;41.24714757;41.10417614;40.98874397;40.92904331;40.91925221;40.92191824;40.88104599;40.74847651;40.51075365;40.20298206;39.90178084;39.6985671;39.66379145;39.82008333;40.12984915;40.4986055;40.84104817;41.09892437;41.25449665;41.32465177;41.34255321;41.33796099;41.32694296;41.31464748;41.30723682;41.32725842;41.40955397;41.58884115;41.88248478;42.27841451;42.73559668;43.19733325;43.61116998;43.94620853;44.19999529;44.39230724;44.54864732;44.68716348;44.80710053;44.89697437;44.94725364;44.96032157;44.95245657;44.94705259;44.96237407;45.00113597;45.04793429;45.07462198;45.05562915;44.98491256;44.87365214;44.74524;44.62523088;44.53214297;44.47346955;44.44761409;44.44955233;44.47594643;44.52775874;44.60664862;44.7087038;44.82518085;44.94309839;45.04919256;45.13434828;45.19519228;45.23263394;45.24838753;45.24186355;45.20917172;45.14539072;45.05257482;44.93774589;44.81436104;44.69941566;44.6093989;44.55598237;44.54236347;44.56063028;44.59064656;44.6010803;44.55327364;44.4262924;44.2228662;43.97843979;43.75557578;43.62295524;43.62394784;43.74689109;43.91231922;43.98799762;43.82804323;43.33465629;42.56435783;41.67560233;40.89934148;40.46160006;40.50387444;41.03412096;41.92918719;42.98830525;44.01464402;44.88634312;45.6037392;46.28255184;47.05060837;47.99329174;49.11796864;50.36098011;51.62911909;52.84844866;53.99369955;55.08492107;56.15656489;57.22004837;58.24522556;59.17686016;59.96985685;60.61735937;61.15536889;61.64238773;62.12688128;62.62127601;63.09791147;63.5053656;63.81307395;64.04100127;64.24144577;64.47326368;64.77020015;65.12586909;65.50500364;65.87388284;66.23166977;66.62101198;67.1146853;67.75178465
6;29.03244635;28.49986299;27.95013079;27.41280159;26.92448764;26.52644523;26.27324959;26.21643259;26.39515214;26.85645532;27.60773194;28.61521729;29.81251831;31.11078347;32.41506458;33.63896709;34.7155062;35.60361362;36.2783643;36.75969202;37.07249377;37.24003158;37.28266224;37.2207051;37.08114351;36.90218457;36.73087633;36.61268734;36.57801036;36.63338524;36.76678801;36.94916442;37.17391807;37.46386716;37.86924484;38.44799821;39.23552124;40.21751371;41.31879821;42.41453627;43.36156137;44.03376382;44.36192645;44.39135092;44.20889525;43.92087193;43.61426202;43.33297087;43.07627894;42.8160676;42.52199217;42.18185922;41.80889506;41.4357928;41.09767716;40.81108718;40.57421726;40.37358969;40.19671049;40.0429313;39.92725439;39.87540319;39.91383743;40.06025322;40.31915253;40.69014645;41.15541628;41.70694062;42.34150982;43.05584096;43.83922831;44.66737329;45.50112198;46.29088771;46.98518619;47.53939889;47.91650027;48.09320756;48.07485815;47.86921294;47.49511438;46.98173651;46.36518303;45.68200227;44.96162793;44.22112793;43.46574978;42.69579713;41.91998885;41.16897392;40.50009569;39.99639094;39.75788042;39.88763003;40.47413464;41.57132641;43.17835088;45.22566255;47.57562316;50.04042775;52.40389544;54.49809565;56.21738093;57.52262906;58.43458974;59.01594986;59.34750933;59.50425212;59.53853654;59.47590724;59.32417478;59.08628619;58.79123582;58.47986089;58.1963993;57.97042297;57.80238535;57.6625642;57.50561865;57.29440235;57.02114146;56.71475485;56.43246605;56.22948583;56.12047786;56.07822336;56.04493339;55.96078;55.795423;55.56669269;55.33700938;55.18839771;55.18666414;55.35324638;55.65117596;55.99037233;56.28933282;56.49435322;56.59290931;56.60768675;56.5784863;56.54261014;56.52386278;56.53354241;56.57960733;56.68002811;56.85247944;57.11034018;57.44844132;57.83662105;58.22505431;58.5598765;58.80196803;58.94033625;58.99292109;58.99509338;58.98077857;58.96642648;58.94465893;58.89729316;58.80962859;58.68090371;58.52499197;58.36227838;58.20653106;58.05540383;57.88992511;57.68204493;57.41376245;57.09252557;56.7449863;56.40884566;56.11868039;55.89359172;55.73211607;55.61606405;55.52069826;55.42600006;55.3244373;55.22263502;55.13452255;55.07212947;55.0405489;55.03554583;55.04532665;55.05393469;55.04530047;55.00690947;54.93203222;54.82039203;54.67865982;54.51974463;54.35476635;54.1923248;54.03717118;53.89115071;53.75462349;53.62748956;53.50792915;53.38968405;53.25918614;53.09474901;52.88082583;52.61593421;52.32190191;52.04274449;51.83081429;51.72351415;51.72005379;51.77032147;51.78479174;51.66266413;51.33588915;50.83971391;50.27878039;49.80326751;49.55538751;49.61773031;49.98555237;50.57430972;51.25935495;51.93010343;52.53334125;53.09630134;53.70368427;54.43496879;55.33016664;56.37550207;57.51699484;58.69240551;59.8606529;61.01274999;62.16062188;63.31149467;64.44468836;65.51605011;66.47841366;67.30918663;68.02434965;68.66920987;69.29295831;69.92107789;70.5406684;71.10811176;71.56963507;71.90585366;72.1489867;72.35535357;72.57991649;72.84988303;73.15719344;73.47434543;73.78272742;74.09558588;74.45809962;74.9289494;75.52245754
7;26.53129021;26.04752078;25.58301067;25.16555088;24.8178809;24.55803123;24.41119667;24.40374566;24.56059605;24.92581414;25.51520542;26.31253521;27.2737952;28.33278484;29.41429869;30.44711275;31.37358907;32.15489126;32.7617742;33.19839645;33.47352552;33.59842014;33.58962852;33.47308004;33.28769056;33.08337782;32.91145802;32.81003954;32.79211051;32.84411668;32.93970736;33.05904914;33.22111385;33.48402668;33.92869881;34.62446077;35.5908852;36.77343922;38.0449419;39.23409259;40.17234071;40.73608462;40.88822718;40.72441137;40.37094468;39.95609707;39.56876961;39.24096921;38.95718227;38.68139795;38.38657902;38.07233706;37.76456908;37.50268042;37.31241901;37.1899817;37.11216688;37.04969426;36.9844087;36.91890175;36.87391883;36.87552276;36.94012024;37.06612191;37.23697397;37.43555161;37.65892089;37.93087901;38.29317057;38.78830133;39.43874877;40.23126599;41.11303114;42.00142801;42.80367874;43.43856014;43.84561973;43.99790843;43.9175982;43.63405203;43.18740398;42.62229482;41.98233732;41.30494796;40.61681849;39.93195594;39.25349922;38.57993235;37.91639216;37.28330249;36.72400693;36.30603723;36.117188;36.25715898;36.82414352;37.89584714;39.50604116;41.62275535;44.13830604;46.87947553;49.61915059;52.14929238;54.31839759;56.0409482;57.30043939;58.13832578;58.6328186;58.87271108;58.93383214;58.86595169;58.69394946;58.42605824;58.0874191;57.71199071;57.34159734;57.01201995;56.73791317;56.50678591;56.28628346;56.0418264;55.75560535;55.43710091;55.12094307;54.84842069;54.63771453;54.47803208;54.33484874;54.16802197;53.95363433;53.69792868;53.43649845;53.21922171;53.08805273;53.06011722;53.12100298;53.22627376;53.33857293;53.43467646;53.50858832;53.56468222;53.60837085;53.64128297;53.66516847;53.69205031;53.75264638;53.90378404;54.19218075;54.63997038;55.22811416;55.89536967;56.55474776;57.12093919;57.53669858;57.78761112;57.89861864;57.91522443;57.87684297;57.80263916;57.68519055;57.5075327;57.26169126;56.95896674;56.62798405;56.30206793;56.00311172;55.73081729;55.4641197;55.1719885;54.83330775;54.45200928;54.04966257;53.65545566;53.2933102;52.97402583;52.69544982;52.44961416;52.23134173;52.04239841;51.89020619;51.77748255;51.69186197;51.61192648;51.5132534;51.37913423;51.20885873;51.0178208;50.82974738;50.6643839;50.52768799;50.40930186;50.28652002;50.13946177;49.96025443;49.75378197;49.5328745;49.31101809;49.09639529;48.89044079;48.69092082;48.49589406;48.30647094;48.12537621;47.95158485;47.78181609;47.61334134;47.44942143;47.30268486;47.19242291;47.13483212;47.13080933;47.15767419;47.17112313;47.11861259;46.97983247;46.7743324;46.56134485;46.42000834;46.41899503;46.58959126;46.91461095;47.33909892;47.7981126;48.24810017;48.69163478;49.17595529;49.75994142;50.48608654;51.36197832;52.36029627;53.43542307;54.54508029;55.66381381;56.78254662;57.89488361;58.98227869;60.01519513;60.96155767;61.80585605;62.55958753;63.25590559;63.93043876;64.60066464;65.25357125;65.85140546;66.34766721;66.72822403;67.02865067;67.30935935;67.63130592;68.02612515;68.4828965;68.95796958;69.40289589;69.79677406;70.163582;70.5674993;71.06948906
8;27.72345817;27.26144553;26.75481228;26.22271306;25.70063359;25.23874842;24.90756928;24.77768807;24.9001758;25.3285236;26.06628252;27.06889493;28.25716984;29.53081964;30.78694611;31.93549572;32.91014263;33.67508198;34.21559422;34.56766126;34.77204729;34.86503116;34.87361001;34.81631281;34.71041436;34.57972964;34.45707955;34.37833706;34.37074798;34.44212195;34.58016586;34.75046036;34.93276361;35.13266492;35.38743385;35.75444054;36.28512152;36.99564562;37.84776249;38.74939112;39.57656796;40.20536377;40.55124104;40.6314076;40.51223822;40.28979478;40.05214009;39.85144859;39.69587193;39.56125241;39.41419255;39.23424002;39.0251454;38.8123473;38.62807528;38.48874623;38.39114785;38.31730347;38.24727388;38.1724585;38.10244668;38.06209881;38.08151131;38.18467045;38.38253135;38.67900792;39.06024852;39.52083148;40.0610125;40.68206385;41.37781824;42.12680911;42.88991304;43.61532181;44.24923875;44.74732471;45.07750549;45.22598678;45.20626742;45.03116675;44.71870828;44.29188867;43.77835568;43.20808042;42.60868964;42.00029807;41.39276119;40.78785548;40.1882534;39.60836053;39.08540364;38.68280063;38.48579883;38.5895436;39.08105836;40.01745919;41.4045779;43.18304804;45.22983379;47.37637401;49.43015244;51.24358336;52.72482623;53.84038184;54.60856085;55.08419379;55.33863422;55.43972853;55.43707437;55.35710933;55.20924457;54.99599281;54.73807647;54.4663033;54.21621628;54.01412047;53.86448539;53.74723292;53.62758595;53.47438097;53.27745564;53.05507505;52.84812037;52.69664861;52.60894623;52.55918826;52.49719908;52.37324662;52.16608735;51.89979657;51.64017298;51.47087844;51.45845766;51.62429229;51.92951617;52.27890144;52.58559217;52.79195676;52.88521598;52.89198219;52.85829998;52.82638599;52.82031252;52.84592987;52.90252643;53.00066588;53.16088676;53.40806683;53.75320168;54.17977242;54.64209175;55.07814961;55.43126292;55.67081613;55.80231089;55.86135145;55.89483085;55.93841471;55.99641127;56.04980328;56.07130916;56.04234491;55.96298484;55.85123056;55.73185758;55.62193141;55.52082602;55.4092226;55.26018659;55.06036738;54.81592223;54.55208581;54.30372936;54.10217869;53.96423361;53.88816717;53.8577275;53.85114287;53.85108848;53.85023548;53.85142083;53.86015948;53.8789917;53.90440286;53.92781833;53.93889925;53.92933524;53.89493451;53.83525842;53.75132438;53.64339121;53.51282055;53.36070881;53.19218052;53.0179901;52.85392395;52.71658758;52.61685108;52.55342232;52.50933768;52.45379992;52.34937806;52.17769554;51.94503487;51.68630486;51.45543989;51.30472975;51.26030513;51.30335779;51.3675972;51.35749325;51.18003797;50.78736834;50.2367848;49.64652445;49.17095893;48.94967909;49.06088331;49.49657681;50.17025044;50.95353818;51.72700634;52.42238569;53.04962381;53.68837156;54.42765244;55.33076435;56.41051502;57.62727631;58.9089693;60.1797839;61.3838732;62.49542929;63.51301805;64.45528408;65.35069009;66.21804264;67.06855617;67.90307233;68.70897886;69.45834365;70.11253055;70.63506926;71.01159053;71.26210731;71.45560303;71.67285448;71.9690314;72.35483516;72.79215037;73.2135115;73.55961247;73.81663081;74.03395378;74.30782141;74.74744808;75.3908406
9;30.97151503;30.46863495;29.91267548;29.32784345;28.75805247;28.26232816;27.91881932;27.80015106;27.95304629;28.43323825;29.24187358;30.33157291;31.62281667;33.01477691;34.40156667;35.68629921;36.79280065;37.67525692;38.31120596;38.73757337;39.00063236;39.1428464;39.19438086;39.17194849;39.08752497;38.96011879;38.8227762;38.71890454;38.68885921;38.75417726;38.91219692;39.12350433;39.35529052;39.59729257;39.87516042;40.24468214;40.76674595;41.47369225;42.34276544;43.28979829;44.1879464;44.90113355;45.32798661;45.47370393;45.40058142;45.20663576;44.98338298;44.78318925;44.60883404;44.42681042;44.19505943;43.89043097;43.5231506;43.13349996;42.77390575;42.47594141;42.24312108;42.05569649;41.88704396;41.72263262;41.57213557;41.46875985;41.45745989;41.57853556;41.85443794;42.29370071;42.86569833;43.54228009;44.29701429;45.10595088;45.94407178;46.78059219;47.57783354;48.29522783;48.89696161;49.35856409;49.66493439;49.81117033;49.80693568;49.65364702;49.35376824;48.91579652;48.35822828;47.70922253;47.00084225;46.26095906;45.5073636;44.7483933;43.99296317;43.26371279;42.60941584;42.10833147;41.86070749;41.97198106;42.52994984;43.58024296;45.10570153;47.01752356;49.16488103;51.35986543;53.40600858;55.17058146;56.5812242;57.62454719;58.33417528;58.77248075;59.01023005;59.10842228;59.10683331;59.02281861;58.86053684;58.62246809;58.33639379;58.04218512;57.78349572;57.59038001;57.46467052;57.37760722;57.28262321;57.13833032;56.93060665;56.68248856;56.44808703;56.2846958;56.21190494;56.20607408;56.20948484;56.15884909;56.01988962;55.81055164;55.60065777;55.48622378;55.54837275;55.81745274;56.25122791;56.73551686;57.16046982;57.44844561;57.57694386;57.57607087;57.50619305;57.42815278;57.38118487;57.37705715;57.40997956;57.4759058;57.58013088;57.73863334;57.96246021;58.24416512;58.55367421;58.84699498;59.08365199;59.24395141;59.33636723;59.39105446;59.44266142;59.50870075;59.57852978;59.62470426;59.61970803;59.55235756;59.43498832;59.29823423;59.17551885;59.08581563;59.0237648;58.96146751;58.86278185;58.70900775;58.50465499;58.27522139;58.05612613;57.87892491;57.76109664;57.70358034;57.69559076;57.72259342;57.77357804;57.84115846;57.91838648;57.99652239;58.06420705;58.11137463;58.13478636;58.14057121;58.14197335;58.15155357;58.17223788;58.19176205;58.18228177;58.11844735;57.98826603;57.80220332;57.59288004;57.40458381;57.27572005;57.22144781;57.22349639;57.23227249;57.18027785;57.0035027;56.69078571;56.27639875;55.83762869;55.46986297;55.25071545;55.20699286;55.29651962;55.41417216;55.42319455;55.19992342;54.68813839;53.97119627;53.20469981;52.58113452;52.26568922;52.34266583;52.79368715;53.51403084;54.36060227;55.21070083;56.00619587;56.7742306;57.59914687;58.55726068;59.68104696;60.94596136;62.28741228;63.636754;64.95391045;66.23938533;67.5197689;68.816917;70.11601482;71.36313724;72.48966084;73.44594253;74.22552496;74.8645536;75.41965772;75.93710301;76.43126777;76.8839008;77.25988615;77.54504463;77.76404828;77.9601217;78.17290827;78.41410869;78.66156548;78.8778068;79.04407416;79.18918802;79.39195201;79.76160916;80.35379619
10;35.44954968;34.77675432;34.08669964;33.44348294;32.90723115;32.52515509;32.3433875;32.39071167;32.67937308;33.25790129;34.13323258;35.27581337;36.6322785;38.12781632;39.67710359;41.19457407;42.60271857;43.83858491;44.84439547;45.60597757;46.12265017;46.40443515;46.47416651;46.36963314;46.14591263;45.87221607;45.62058195;45.44881883;45.3859204;45.42939557;45.56294689;45.76899074;46.07314922;46.54258885;47.26711311;48.3195482;49.71173521;51.36674621;53.1212024;54.75958911;56.07057435;56.89773575;57.19040291;57.06429001;56.67198694;56.16838022;55.65857883;55.17574033;54.69263939;54.15650935;53.52787572;52.8053968;52.02791754;51.25903288;50.5574093;49.94807124;49.42947271;48.98629445;48.60775064;48.30013669;48.08769795;48.00258147;48.07071514;48.30171001;48.68759266;49.21781487;49.86646006;50.62522365;51.49229694;52.46237884;53.51612154;54.6142991;55.70043995;56.71050959;57.58505836;58.27781019;58.75136544;58.97851805;58.95758482;58.68367191;58.16529593;57.43003692;56.52430665;55.50505019;54.425909;53.3248221;52.21975094;51.11568668;50.02414395;48.98085014;48.05874335;47.36731637;47.04024517;47.21529056;48.00964285;49.49317531;51.6628844;54.42623438;57.60314466;60.94918765;64.18117821;67.073343;69.47756563;71.32979647;72.64483941;73.49700807;73.99132708;74.23205959;74.29740131;74.22915074;74.04089756;73.73347089;73.33972501;72.91078476;72.50790902;72.17824316;71.9314422;71.73221446;71.51539949;71.2178126;70.81175574;70.32398492;69.83299133;69.43730245;69.19427484;69.10423189;69.11250328;69.13779895;69.11295023;69.01770816;68.88787908;68.79719074;68.81965052;68.99302434;69.29412001;69.63503903;69.92543651;70.09909604;70.13566292;70.06048689;69.92773236;69.79657183;69.71312032;69.70381813;69.77937555;69.94802228;70.2019217;70.52880294;70.90126572;71.27474749;71.59518496;71.81414014;71.90526883;71.87311211;71.74920408;71.57626459;71.3876567;71.19227562;70.97481057;70.71331487;70.39616396;70.03202003;69.64727544;69.27332681;68.92994407;68.61465838;68.3044812;67.96762995;67.58430311;67.16154907;66.72448256;66.30418547;65.9230817;65.58629335;65.28303895;64.99707045;64.71949523;64.45587929;64.22587417;64.05127021;63.93598376;63.86862674;63.82542221;63.78101461;63.71970171;63.63996317;63.55085678;63.46239792;63.37590381;63.28009934;63.15404402;62.98365232;62.76679376;62.51566236;62.25142333;61.9951704;61.75968747;61.54607775;61.34592556;61.14618775;60.93411273;60.69925268;60.43736316;60.14879192;59.84143048;59.53266394;59.24809439;59.01474086;58.84890545;58.74471594;58.66976408;58.57248575;58.40116971;58.14722009;57.84677377;57.57435398;57.41575722;57.43415203;57.64460369;58.0096339;58.45983151;58.92994208;59.39383974;59.88605974;60.4790715;61.24062137;62.19908791;63.32919714;64.56569937;65.83671617;67.09738413;68.34408704;69.60268471;70.89761676;72.21488366;73.49335053;74.65172808;75.62693206;76.40576959;77.03031544;77.5751414;78.11041347;78.66867735;79.23296362;79.74676837;80.15638168;80.45616597;80.68363433;80.90212796;81.16775007;81.50326461;81.89394815;82.30502927;82.71094384;83.11694975;83.56294721;84.09069567
11;23.52145921;23.28940161;22.96268239;22.53935991;22.05675359;21.58132208;21.19929939;20.98908484;20.9952414;21.26528815;21.7983222;22.5540131;23.46603059;24.44645516;25.3962477;26.21874156;26.83704283;27.21314845;27.35147629;27.33437793;27.25619243;27.1957193;27.19349101;27.24503675;27.31530953;27.36607988;27.38231704;27.38313048;27.41060909;27.50221373;27.66255706;27.83386472;27.93376621;27.88916787;27.67780338;27.35021288;27.01825251;26.8136446;26.83528714;27.10870877;27.57462318;28.11048055;28.57111857;28.87120595;29.00197272;29.01864107;29.0044778;29.02870094;29.1182833;29.25474391;29.39413597;29.49738164;29.55456263;29.59142483;29.65650323;29.78341204;29.97271431;30.18972681;30.38051124;30.49817705;30.52618052;30.48716528;30.43456518;30.43221685;30.53186011;30.76581932;31.11703097;31.55537267;32.04516709;32.55315178;33.05051776;33.51093605;33.90935076;34.22448622;34.44485131;34.57423214;34.63134128;34.64725405;34.65157463;34.65700688;34.65946882;34.64274387;34.58863174;34.48752458;34.34381437;34.17378052;33.9975952;33.83027271;33.67711944;33.53276255;33.39378224;33.26837068;33.18155163;33.17277364;33.28608974;33.5558572;33.9926122;34.57446548;35.2485616;35.94205148;36.57696927;37.10295525;37.49736959;37.76364332;37.92394494;38.00846112;38.04446765;38.04821223;38.02235687;37.96006486;37.85417867;37.70574416;37.53774815;37.38180459;37.26823563;37.21272465;37.20814484;37.22694597;37.23430937;37.20623466;37.14349414;37.07343565;37.03893975;37.06905864;37.15134357;37.23614292;37.25340339;37.14497818;36.8974401;36.55944445;36.23314202;36.04031027;36.07520996;36.3670407;36.85925674;37.4137462;37.90180637;38.23461486;38.3884542;38.40055256;38.34140339;38.27848969;38.24890861;38.2525169;38.26637643;38.2704346;38.27469236;38.31685256;38.44319636;38.68421993;39.03714856;39.46434878;39.90813375;40.31450881;40.6544713;40.93270514;41.18001925;41.43646164;41.72211218;42.03256401;42.34542052;42.63440596;42.88352607;43.09465405;43.28481008;43.47537546;43.6791467;43.8920435;44.09329567;44.26097464;44.38403443;44.46943187;44.54173068;44.63538213;44.78310216;45.00479131;45.30135966;45.65532485;46.03747015;46.41404064;46.7617878;47.07010327;47.34026574;47.58211252;47.8092836;48.03422669;48.26428721;48.49898976;48.7291197;48.93725051;49.10001787;49.20315565;49.24287182;49.2344448;49.2141805;49.23365581;49.34441999;49.57687428;49.91991202;50.31175799;50.64724532;50.80211959;50.72073152;50.42559164;50.0285858;49.69739177;49.58812189;49.76837024;50.16455872;50.56282234;50.67159866;50.21906915;49.0779647;47.43868653;45.65992397;44.19302378;43.42968244;43.56848235;44.55704705;46.13163433;47.93325976;49.64727754;51.10446288;52.33158524;53.51002441;54.80543121;56.2906096;57.91093535;59.52102583;60.96750863;62.16873944;63.15053477;64.02241038;64.91275372;65.8892362;66.90498367;67.84254896;68.57845182;69.04828564;69.27686185;69.36251292;69.42981669;69.57648889;69.8397661;70.19463359;70.57226966;70.91319383;71.18776269;71.39034996;71.52387713;71.59147818;71.60368243;71.59728449;71.64823763;71.86058023;72.34389978;73.11599106
12;26.24315059;25.82352114;25.34896185;24.83320694;24.31341412;23.8456684;23.50627524;23.36776629;23.47502749;23.88378178;24.59469337;25.56174012;26.71042788;27.94701398;29.1729894;30.29767818;31.24939908;31.98564448;32.48815295;32.79800365;32.96650005;33.04073012;33.05317288;33.01910495;32.94469474;32.83966981;32.72630041;32.63850587;32.61056853;32.66215443;32.7912227;32.96208566;33.14321082;33.32339023;33.52564456;33.80311124;34.21612794;34.8000435;35.53900243;36.3585951;37.14244038;37.76372192;38.12701487;38.23592262;38.14915569;37.96020206;37.75756547;37.59375079;37.47499416;37.37318814;37.2511527;37.08748039;36.88916202;36.68815165;36.52289145;36.41095731;36.34469005;36.29753464;36.2407555;36.16086674;36.06893143;35.99718287;35.98607525;36.06892656;36.26180149;36.56881865;36.96948634;37.45085988;38.00601172;38.63044144;39.31395391;40.0329336;40.74849616;41.41235637;41.97791769;42.41113973;42.69192036;42.81686543;42.80237001;42.659105;42.39814923;42.03326831;41.58330856;41.07195193;40.52341083;39.9564784;39.38071705;38.79808153;38.21194286;37.64001681;37.12370628;36.72973243;36.54313547;36.65298532;37.13407382;38.02781827;39.32626237;40.96423692;42.82494996;44.7575064;46.59550402;48.21453605;49.53663399;50.53227522;51.21572877;51.63360422;51.84878276;51.92293797;51.90228092;51.81165567;51.65943625;51.44761329;51.19655798;50.93850236;50.71132802;50.54272921;50.43543686;50.36329045;50.28228145;50.15229859;49.95895391;49.72406907;49.50009342;49.34301115;49.27151569;49.26065114;49.25096158;49.17738473;49.00422687;48.74888238;48.48134581;48.29837024;48.28225112;48.46544729;48.81012099;49.20949436;49.56291075;49.80208712;49.91088196;49.91982104;49.88241038;49.84673382;49.83767791;49.85666567;49.89641939;49.96237857;50.07783285;50.2751933;50.57498175;50.96888798;51.41590787;51.85486298;52.22719435;52.49899526;52.67159474;52.77551296;52.85113539;52.92805494;53.00799055;53.07438099;53.10762472;53.09942387;53.05816241;53.00342764;52.95288766;52.91017998;52.86153725;52.78163599;52.65145499;52.47457046;52.2721845;52.07515667;51.91064348;51.79205205;51.71728003;51.67566345;51.65832038;51.66477397;51.70307711;51.77909598;51.88317638;51.99289443;52.0792049;52.11981701;52.11101949;52.07047058;52.0284895;52.01163839;52.02724985;52.05705414;52.06146373;52.00708921;51.88263182;51.70534064;51.51424475;51.35352158;51.25310061;51.21599019;51.21709968;51.2132077;51.15860503;51.02066221;50.80447337;50.53857617;50.27011325;50.05087438;49.92061616;49.89101949;49.93440006;49.98311151;49.94353065;49.721486;49.26165001;48.61600889;47.90560627;47.30175184;46.97257921;47.02559219;47.46972121;48.21379381;49.10537474;49.99377079;50.78932132;51.50340347;52.2377533;53.10149833;54.15957913;55.40071079;56.74624512;58.09344678;59.36671941;60.54787837;61.67068038;62.7840937;63.90555131;64.9945927;65.9761977;66.78668744;67.41576117;67.91809811;68.3886117;68.91415355;69.52712901;70.18632866;70.79063828;71.24024143;71.51095087;71.65178577;71.76013293;71.93039928;72.20829828;72.5761744;72.97606605;73.35761141;73.72086709;74.13262239;74.68196032
13;28.81428528;28.34943831;27.85109279;27.34039283;26.85354628;26.43809624;26.15786089;26.07305761;26.22031057;26.65819577;27.39073016;28.37595029;29.54508805;30.81079283;32.08139275;33.27260513;34.31638773;35.16806405;35.79875271;36.22904452;36.48929269;36.61120209;36.62325831;36.55016154;36.41784812;36.2585906;36.11106088;36.01312574;35.99048913;36.04844148;36.17505357;36.34222388;36.54202518;36.79501797;37.15028584;37.66762524;38.38771528;39.30366349;40.34727813;41.39781731;42.3120347;42.96039569;43.26916787;43.2811666;43.08473142;42.79025775;42.48911627;42.22762988;42.00435842;41.78787801;41.54375203;41.25688857;40.93987151;40.62654744;40.3527664;40.13333768;39.96209122;39.81968559;39.68847948;39.56531823;39.46584177;39.41823473;39.45106995;39.58195105;39.81294455;40.13963109;40.54509489;41.02649559;41.59019895;42.24416263;42.98645966;43.79563343;44.62808866;45.42428625;46.12132958;46.66640911;47.02036769;47.16515407;47.11579316;46.88879962;46.50873344;46.00648524;45.41663596;44.77272682;44.10120596;43.41692814;42.72307093;42.01716423;41.30339467;40.60713806;39.98127736;39.50588756;39.27982373;39.40607853;39.97307546;41.03408165;42.58755308;44.56504279;46.8337655;49.21514956;51.5056406;53.54684105;55.23718269;56.53469335;57.45141595;58.03874117;58.36765565;58.50826552;58.51430572;58.41760123;58.23401541;57.97362205;57.66695545;57.35294879;57.07260333;56.85318466;56.69506297;56.57026772;56.43535104;56.25303681;56.01198637;55.73455704;55.46955564;55.2658966;55.13724578;55.05940434;54.98102194;54.85012622;54.64346399;54.38374202;54.13515293;53.97862485;53.97659669;54.14578075;54.44391777;54.77720583;55.06278715;55.24820275;55.32452001;55.31935667;55.27726523;55.23827249;55.2259908;55.24843652;55.30847405;55.41894572;55.59604744;55.8558758;56.19949479;56.6047445;57.02887053;57.42158938;57.74224485;57.97261392;58.11938551;58.20535239;58.25281188;58.2740153;58.26470001;58.21414405;58.11704282;57.98050299;57.82246926;57.66285377;57.51229451;57.36549611;57.20377525;57.00401678;56.75580281;56.47100991;56.17461071;55.89565734;55.65562627;55.46202893;55.3094068;55.18651399;55.08502011;55.00396225;54.94899424;54.92406966;54.92209435;54.92829063;54.92455626;54.89755309;54.84472594;54.77428403;54.6993323;54.62915214;54.56318821;54.49067318;54.39571824;54.27077762;54.11892643;53.9527821;53.78848491;53.63828862;53.50580888;53.38600535;53.26842992;53.14169079;52.99628192;52.82501956;52.62715435;52.40719439;52.17883277;51.96565813;51.79573987;51.69010719;51.64781567;51.63633476;51.59399938;51.44688027;51.14018245;50.69681623;50.19850256;49.77103668;49.54184894;49.5937978;49.93553998;50.50204975;51.18589369;51.88470012;52.54308565;53.17631862;53.85323631;54.64044743;55.56844839;56.61827219;57.73635768;58.86801106;59.98758851;61.10743731;62.26003754;63.46574181;64.69788539;65.88476784;66.94546252;67.82878593;68.53979218;69.13554106;69.69316445;70.26849372;70.86695144;71.4429846;71.92326211;72.26442252;72.49187818;72.67610402;72.90196962;73.22528163;73.64815719;74.12388222;74.58978094;75.00981487;75.400196;75.82644753;76.35380741
14;35.12483968;34.48893929;33.83675118;33.22264851;32.70116058;32.31900486;32.12602724;32.15825872;32.43070958;33.00141112;33.87574727;35.01603566;36.36190149;37.83456962;39.34979431;40.82780562;42.19920492;43.40805173;44.40004943;45.15720048;45.67176616;45.94709964;46.0031609;45.88034649;45.64090301;45.36236488;45.12188276;44.9758629;44.94505136;45.01486646;45.15662349;45.35008233;45.62594861;46.06248967;46.76157118;47.80348293;49.19969967;50.86575486;52.62758149;54.26111317;55.55250094;56.34984757;56.61257609;56.46584175;56.06664847;55.56863053;55.07199051;54.6049487;54.1385006;53.62227704;53.02179111;52.33995475;51.61592328;50.90820659;50.26552508;49.70372668;49.21633654;48.78901226;48.41695107;48.11429261;47.91105924;47.84032491;47.92360089;48.16261171;48.54136899;49.043342;49.64531578;50.34608276;51.15393338;52.07403422;53.09519477;54.18213569;55.27716494;56.31022673;57.21261202;57.9281029;58.41134258;58.63233487;58.59430631;58.30108919;57.77125689;57.03991854;56.15535438;55.16997225;54.12848797;53.05965316;51.97613877;50.88388306;49.80105162;48.77165972;47.87191408;47.20751915;46.9023795;47.0828411;47.85899458;49.30231052;51.4211475;54.14058493;57.297822;60.65924386;63.94017437;66.90007049;69.37372939;71.28239268;72.63324037;73.50153868;73.99995237;74.24288745;74.3166601;74.26622105;74.10266602;73.81972654;73.4420309;73.01492104;72.59744675;72.23880022;71.95471315;71.71892828;71.47617917;71.17118868;70.77919899;70.32294403;69.86958662;69.50145103;69.26377338;69.15331015;69.12272303;69.10648501;69.05486709;68.95855748;68.85182158;68.79382166;68.83695407;68.99995978;69.25364064;69.52699959;69.75586633;69.89969893;69.95143447;69.93080514;69.86960672;69.79781447;69.73845609;69.71162186;69.74083455;69.86172858;70.09328403;70.43480629;70.85378836;71.28859487;71.66546248;71.92289169;72.03270704;72.00719942;71.88883124;71.7274494;71.55578432;71.3752184;71.16373087;70.8984059;70.57320851;70.20550183;69.82759373;69.46940648;69.14100502;68.82626162;68.49187599;68.1049779;67.65882868;67.18046362;66.71210867;66.29327044;65.94346465;65.65600524;65.40530504;65.16325428;64.91549686;64.66775329;64.44195391;64.2607251;64.12692743;64.02718945;63.9386741;63.84148405;63.72876319;63.60757301;63.49113253;63.38762603;63.29229565;63.18834125;63.05487999;62.88466284;62.68460432;62.47174587;62.26287019;62.06511386;61.87284593;61.67270251;61.45302962;61.21099331;60.95309322;60.68817854;60.41679309;60.1301763;59.81876875;59.48501822;59.15194835;58.85993078;58.64953508;58.53820749;58.50343096;58.48305035;58.39442541;58.19472787;57.90084986;57.58937067;57.36736784;57.3269433;57.50548551;57.87100251;58.34191828;58.83134661;59.29505322;59.76509866;60.33142637;61.0838165;62.06505072;63.24587186;64.5373098;65.83406294;67.0636432;68.21458974;69.32945991;70.46843553;71.65981106;72.86628257;74.00878386;75.00827009;75.82947999;76.49960552;77.09236488;77.68811291;78.33004884;79.00110039;79.62719232;80.12274657;80.45542177;80.65219743;80.78797509;80.94882858;81.19471752;81.53852741;81.95085616;82.38596852;82.81302892;83.23412438;83.67772674
15;28.39096682;27.92354105;27.4069418;26.86366539;26.33435354;25.87298506;25.55130863;25.43746457;25.57294143;26.02045145;26.78249158;27.81060588;29.02716162;30.33533809;31.63562961;32.83885592;33.8757531;34.70422142;35.30126366;35.6970158;35.93051289;36.03988576;36.05630992;36.00264695;35.8990065;35.76965198;35.64584198;35.56122528;35.54177196;35.59650598;35.71774136;35.87803417;36.06381389;36.2850454;36.57941927;37.00048023;37.59278798;38.36475581;39.27170479;40.21777396;41.07800888;41.72933967;42.08895602;42.17600659;42.05714963;41.8278314;41.57507461;41.35039285;41.16194492;40.98630154;40.79120931;40.55742121;40.28992824;40.0154267;39.76792065;39.56575046;39.4076034;39.27705184;39.15540552;39.03533321;38.92842881;38.86284223;38.87306407;38.98746121;39.2195227;39.57309137;40.02669784;40.56575613;41.18108803;41.86672544;42.61297005;43.39844411;44.18618643;44.92671108;45.56727135;46.06328094;46.38212373;46.51124365;46.46853597;46.27220061;45.94470994;45.50990898;44.99116006;44.40983055;43.78366872;43.1257768;42.44531868;41.75084705;41.05824828;40.39692045;39.81430982;39.37824529;39.17317627;39.29079781;39.81468271;40.79971728;42.24969054;44.10108949;46.22298007;48.43542792;50.53420948;52.36718711;53.8447617;54.94252003;55.69180292;56.15980955;56.42490143;56.55371903;56.58681175;56.53736818;56.40280132;56.17844681;55.89011849;55.57942782;55.29458489;55.07172499;54.91883398;54.8123233;54.70904037;54.56822372;54.37273786;54.13887837;53.91134876;53.73935863;53.64102755;53.59753866;53.56072831;53.47703631;53.31652038;53.09272289;52.86277977;52.70720795;52.69659926;52.86241591;53.178662;53.55671357;53.90758563;54.16289841;54.29466111;54.31626007;54.26879274;54.20067913;54.15115804;54.14365107;54.18885613;54.29686143;54.47113878;54.71617165;55.02766879;55.38626558;55.75781749;56.10150506;56.38286729;56.58520617;56.71420333;56.79271707;56.84771202;56.89765609;56.94135582;56.96420569;56.94867226;56.88487375;56.7763947;56.63902592;56.49333757;56.3550332;56.22817556;56.10415811;55.96658296;55.80377673;55.61382269;55.4058086;55.1970013;55.00758166;54.85518086;54.75093627;54.69768939;54.69001176;54.71629531;54.75839011;54.79669069;54.81598041;54.80776229;54.77262158;54.72016545;54.66565748;54.62407136;54.60361991;54.60142835;54.60262476;54.58274239;54.52112844;54.40722548;54.24579163;54.05723347;53.87290602;53.72514714;53.63572468;53.6053681;53.60874459;53.59787228;53.51239835;53.31875955;53.01893364;52.65786633;52.31232301;52.06332435;51.96137989;51.9983163;52.10003645;52.14681732;52.0124735;51.61845274;51.01524549;50.33380312;49.75532587;49.44802778;49.50811936;49.92957999;50.61374124;51.41458564;52.19990977;52.90179259;53.54544209;54.22808788;55.04495105;56.04678668;57.21759098;58.48622697;59.76444159;60.98838675;62.14239518;63.25471961;64.36870844;65.50502704;66.63471804;67.6926317;68.60961313;69.34748544;69.91838973;70.3799874;70.8102361;71.27384715;71.79554145;72.34942399;72.86817821;73.28827448;73.57472972;73.73479433;73.81510759;73.88737942;74.02855723;74.29998758;74.73204959;75.31670686;76.01241378;76.74307761
16;28.07970677;27.58655275;27.08722505;26.60461352;26.16806061;25.8122346;25.5852987;25.53392835;25.69224071;26.10570361;26.78050237;27.68464127;28.75817063;29.92186147;31.09134715;32.18922982;33.15400967;33.94593213;34.5387868;34.94895971;35.20026647;35.31790953;35.32599996;35.24794891;35.11046071;34.9466371;34.79441381;34.68913312;34.65390856;34.6937133;34.80079079;34.95533974;35.15755821;35.43220748;35.8256127;36.38777705;37.14589708;38.08094665;39.11846344;40.13939707;41.00905479;41.60977045;41.87857108;41.86212601;41.6468917;41.33815984;41.02222811;40.74259394;40.49765179;40.25732309;39.98841774;39.67605658;39.33222799;38.99062589;38.6887275;38.44448989;38.25496332;38.10237404;37.96790185;37.84497303;37.74522497;37.69444809;37.72162401;37.84713839;38.07623157;38.40561961;38.81472818;39.29421667;39.84345064;40.46557271;41.15788031;41.90220721;42.66092629;43.38113413;44.00575509;44.48659638;44.78911925;44.90052084;44.83926981;44.62376673;44.27618666;43.82001482;43.27912984;42.67696987;42.03466214;41.36893812;40.69121475;40.00961106;39.33671701;38.69608548;38.13052431;37.70569248;37.50664;37.62733621;38.15352119;39.14050637;40.59068107;42.43852181;44.55255931;46.75521897;48.84799542;50.6847537;52.17946047;53.30637613;54.0896153;54.58493075;54.85932999;54.9733677;54.97035538;54.87517205;54.70148211;54.4605454;54.18132528;53.89699085;53.63914345;53.42580728;53.25309128;53.09645064;52.92246726;52.7058681;52.44371482;52.15939784;51.89574849;51.69259271;51.55957483;51.47631638;51.40079291;51.2899332;51.12233724;50.91186967;50.70543371;50.56522467;50.54263046;50.6570133;50.8838884;51.15412361;51.40123972;51.57564387;51.65748138;51.65599711;51.59953077;51.522334;51.45494394;51.42089461;51.43855469;51.52885036;51.69979305;51.95210305;52.2716584;52.6279464;52.97966219;53.28550756;53.51606412;53.66132659;53.73058396;53.74486986;53.72437865;53.68233447;53.61913886;53.52922413;53.40902211;53.26164432;53.09623239;52.92329754;52.74853094;52.56989466;52.37942493;52.16860913;51.93702382;51.69464443;51.45551331;51.23154273;51.02731919;50.83947839;50.66141602;50.49028286;50.33214014;50.20116188;50.11459521;50.08010017;50.08413585;50.10119011;50.10099195;50.06085793;49.97538917;49.85810862;49.73419419;49.62771668;49.54931873;49.49096469;49.42760527;49.33397181;49.19846749;49.02868578;48.84838169;48.6870861;48.56638643;48.48941323;48.43727165;48.37472437;48.26197706;48.06972158;47.80497956;47.49983428;47.20586023;46.97715084;46.85014802;46.82713564;46.86979386;46.90665155;46.85466105;46.64594931;46.25966702;45.75968168;45.24982624;44.85128174;44.66375037;44.7343291;45.0464197;45.5317792;46.10133026;46.68155258;47.24115244;47.80259303;48.42096823;49.14533797;49.99547467;50.95438269;51.97908554;53.02321352;54.05700907;55.07462933;56.08539325;57.09510285;58.08872521;59.03237304;59.88644466;60.62618334;61.2541937;61.79769414;62.29265944;62.76481909;63.21747748;63.63343927;63.98621935;64.26703831;64.49586056;64.70624793;64.93091891;65.18445279;65.45797254;65.72883361;65.98024994;66.22010076;66.4843018;66.82810135;67.28305077
17;25.47521032;25.03524044;24.58822974;24.15517722;23.7609737;23.43406484;23.21490244;23.14528983;23.25817156;23.60019818;24.18153296;24.97531596;25.92624274;26.95863695;27.99118426;28.95033106;29.78021172;30.44823368;30.93648004;31.26490731;31.45676569;31.53347677;31.51427292;31.41903285;31.27363989;31.11235878;30.97382613;30.89084499;30.87933086;30.93341684;31.03234696;31.15161192;31.29383121;31.49367129;31.81090596;32.30678891;33.0129167;33.9065929;34.90447383;35.87855794;36.69023978;37.22548746;37.43203339;37.36769402;37.12534429;36.81052395;36.50555038;36.25013602;36.04330416;35.86150059;35.68150023;35.49667878;35.32007281;35.17690339;35.08502485;35.04186999;35.02995073;35.02595673;35.0137421;34.99248534;34.97601494;34.98414597;35.03186749;35.12279934;35.25070788;35.41022596;35.60426503;35.85397469;36.19166009;36.64790628;37.23644824;37.94287292;38.72215936;39.50612422;40.21821035;40.78985461;41.16726365;41.32262868;41.27103196;41.03678754;40.65766471;40.17859117;39.64391077;39.08937745;38.53589719;37.98795387;37.43815129;36.87704081;36.30637788;35.7516256;35.26246934;34.90884102;34.77244968;34.93647243;35.47442834;36.437408;37.83924425;39.64262335;41.7529914;44.02600287;46.2755453;48.33314367;50.07565383;51.43553601;52.40482932;53.02633847;53.37426426;53.52927159;53.5559123;53.4908883;53.34635444;53.12095935;52.83365677;52.51805059;52.21804061;51.9706723;51.78834066;51.65190074;51.51974664;51.34905643;51.11863066;50.84131988;50.56088658;50.32958734;50.17045466;50.06890694;49.97912203;49.84718702;49.6399465;49.36486222;49.07067603;48.82838086;48.70056141;48.71578771;48.85518938;49.05119803;49.24104999;49.38189154;49.46156045;49.49333725;49.50148836;49.50704283;49.52217281;49.55493306;49.61928976;49.74782557;49.97381237;50.32159798;50.78987749;51.34442553;51.92473602;52.46212047;52.9010968;53.21474744;53.40740368;53.50471765;53.53424162;53.51765538;53.45983841;53.35796818;53.21313903;53.03597164;52.84409626;52.65319269;52.46742995;52.27603404;52.05906571;51.79862881;51.49586455;51.17362514;50.86256768;50.5881805;50.35916026;50.16500966;49.9841934;49.79863616;49.60633738;49.42420431;49.28116635;49.19958496;49.17292395;49.17317553;49.16019538;49.09966864;48.97874507;48.81086608;48.62784624;48.46327058;48.33566124;48.24039441;48.15059382;48.03551464;47.8789514;47.68484174;47.47452888;47.27618651;47.11197844;46.98898687;46.89717783;46.81431593;46.71440743;46.57614696;46.39735682;46.19151525;45.98669525;45.81873242;45.72016145;45.70703574;45.76734731;45.85654722;45.90536355;45.83867278;45.60548305;45.23338206;44.80254872;44.43083265;44.23290171;44.27859424;44.56750254;45.03222007;45.56959465;46.08682882;46.54093324;46.96204572;47.43303212;48.03094322;48.79155827;49.69353812;50.67361324;51.66282922;52.62118756;53.55297847;54.49415847;55.48194886;56.51596086;57.54360785;58.48964623;59.29299653;59.93869478;60.46351293;60.93520464;61.4175556;61.93836522;62.47746541;62.97658732;63.3811693;63.68485104;63.92407711;64.15939567;64.44322833;64.79514864;65.19676275;65.60860601;66.00045532;66.3756136;66.77575442;67.25056374
18;28.31478358;27.8640528;27.38973585;26.9165567;26.47935139;26.1190809;25.88909296;25.83904934;25.99750494;26.42337155;27.12218991;28.05480438;29.15741433;30.34838928;31.54274699;32.66384929;33.6514792;34.46691105;35.08385247;35.5165992;35.78528989;35.91097356;35.91518837;35.82221336;35.66389949;35.48142743;35.32037284;35.219391;35.19818454;35.25259656;35.36327286;35.50622576;35.6873966;35.94679668;36.34992966;36.96123238;37.80995781;38.8641609;40.02519838;41.14693322;42.07423961;42.68197093;42.91615482;42.84626013;42.57872236;42.23125255;41.89249611;41.60120007;41.34973399;41.10596128;40.84035595;40.54504742;40.23747024;39.95122542;39.7147665;39.53366534;39.39551968;39.27967325;39.17149459;39.0719031;38.99769444;38.97297228;39.01757001;39.13927076;39.33386502;39.59673128;39.92277864;40.32384462;40.82072576;41.43172301;42.15920857;42.98008872;43.84493689;44.68622275;45.43252646;46.02295544;46.41087589;46.5722674;46.52077175;46.27485477;45.86490762;45.33013981;44.7132679;44.05302681;43.37647034;42.69480974;42.00544209;41.30087923;40.58297582;39.87892806;39.24504608;38.76436028;38.53745107;38.66871202;39.2498445;40.341113;41.9517078;44.02489858;46.43594147;49.00688328;51.52229592;53.80016258;55.71439665;57.2018233;58.26174412;58.94371256;59.32670218;59.49471595;59.51590647;59.43227385;59.26332458;59.01625855;58.71579158;58.3962437;58.0972131;57.84817877;57.65410174;57.49205339;57.32225473;57.10893276;56.84030403;56.53735861;56.24789739;56.02106738;55.87243365;55.78062619;55.69647882;55.56767823;55.3665938;55.1074591;54.84352958;54.64589161;54.57281541;54.64599454;54.83976797;55.08352204;55.31429159;55.49019496;55.59937076;55.65343934;55.67341435;55.67720221;55.676248;55.68181514;55.71419962;55.81343091;56.01641009;56.34586364;56.79461052;57.3213347;57.86102922;58.34579876;58.72690469;58.98788536;59.14332477;59.22440591;59.25741678;59.25326165;59.20333482;59.09360417;58.91954833;58.69371928;58.44206394;58.19231008;57.96013502;57.74206595;57.51934397;57.26949009;56.9838357;56.67558014;56.36898804;56.08730248;55.84101424;55.62409433;55.4201608;55.21538839;55.00996147;54.82094083;54.67673431;54.59981418;54.58524744;54.60841724;54.63272183;54.62528181;54.57079027;54.47575268;54.36153276;54.25037533;54.15200624;54.05817658;53.94635257;53.79828223;53.61089276;53.39873144;53.18790733;53.00391443;52.86015568;52.75268483;52.66295708;52.56635536;52.44161678;52.27791328;52.08186599;51.86803962;51.65605773;51.46638916;51.31584578;51.21261131;51.15033487;51.10492882;51.03639341;50.89819222;50.65538178;50.32206464;49.95152987;49.63003036;49.45145608;49.48550345;49.75338684;50.22091439;50.81375056;51.44854164;52.06657792;52.65969242;53.27289355;53.96644696;54.78707445;55.74667353;56.81960104;57.95889798;59.11988912;60.27767553;61.4290808;62.57908496;63.72219903;64.83306565;65.87073328;66.79723207;67.59544637;68.27654317;68.87344074;69.42496985;69.9591268;70.48419771;70.98789038;71.45012783;71.85989117;72.21700935;72.53117903;72.815633;73.08417268;73.3534322;73.64724613;73.99789909;74.43846619;74.99296157;75.64238496
19;30.46570294;29.96120649;29.40246828;28.81580515;28.24785547;27.75941749;27.42951427;27.33054919;27.50324445;28.01302908;28.85902671;29.98684157;31.31507485;32.7458612;34.18090861;35.53249771;36.73028147;37.7264496;38.48626291;39.02499319;39.36883757;39.54796677;39.59259893;39.531831;39.39737807;39.22732597;39.06526544;38.95273495;38.91820884;38.96933391;39.09701301;39.27428886;39.49363654;39.77467954;40.16498034;40.72351071;41.49204575;42.46685168;43.58365736;44.72387723;45.74204575;46.501011;46.9143345;47.01320071;46.87866493;46.619477;46.32948878;46.05820534;45.80429387;45.53172101;45.1982847;44.78220842;44.29561098;43.78088622;43.29409351;42.87216489;42.52547039;42.24112897;41.99726919;41.78059296;41.59876814;41.48146429;41.47080697;41.60619059;41.91061443;42.39371407;43.02151812;43.7608981;44.57980891;45.45077046;46.34908366;47.24770172;48.11348376;48.9074627;49.58971357;50.12604821;50.48838735;50.66055689;50.65051033;50.46386401;50.11146144;49.6097871;48.98121611;48.25271147;47.4525593;46.60665469;45.73620582;44.85891642;43.9972571;43.18290648;42.46597543;41.92014988;41.64041324;41.7330657;42.29714539;43.39860174;45.04230565;47.15233731;49.57262056;52.09030989;54.46751491;56.5319168;58.18625471;59.40897114;60.24047964;60.75848797;61.04984714;61.18644962;61.21161956;61.14112589;60.97676989;60.72125081;60.40896209;60.0871771;59.80496303;59.5934847;59.451529;59.3452629;59.22385737;59.04423135;58.79312021;58.49582936;58.20893606;57.99284164;57.87169039;57.82869479;57.81422543;57.77116311;57.66529254;57.50617455;57.34754922;57.2668423;57.33145443;57.56915748;57.94943266;58.3804682;58.77029761;59.04866259;59.1871304;59.20058135;59.13339965;59.03872448;58.96097755;58.927985;58.95266902;59.04443937;59.20199516;59.42331396;59.69704612;59.99798267;60.2888181;60.52949579;60.69065618;60.76475926;60.76910693;60.73825265;60.70950297;60.70390172;60.71578964;60.72194638;60.6940192;60.61239124;60.47446776;60.29470609;60.09608834;59.89839355;59.70891692;59.51974766;59.31336363;59.07781548;58.81391759;58.53723995;58.27303299;58.04750477;57.8786107;57.77081083;57.71551771;57.69598182;57.69538746;57.70166757;57.71063022;57.72286365;57.73882597;57.75557531;57.76675841;57.76523297;57.74690378;57.713634;57.67258922;57.63274317;57.59836092;57.56332251;57.51353418;57.43302047;57.31225776;57.15497918;56.97892159;56.80894159;56.66442184;56.54697848;56.43463759;56.28449897;56.06166804;55.7574946;55.40028695;55.04946249;54.77224266;54.6124798;54.56450838;54.56690397;54.52094122;54.32687169;53.93111271;53.38786905;52.81432814;52.36017011;52.15420682;52.25994841;52.65839683;53.26355675;53.96280724;54.66412436;55.32923405;55.98702229;56.7069589;57.55069684;58.54632698;59.68003355;60.90868413;62.18398097;63.47193037;64.75850925;66.03971405;67.30333011;68.51752905;69.64508993;70.65370223;71.53473476;72.30643395;73.00119592;73.64405603;74.23618342;74.75352779;75.16387979;75.44848593;75.63762347;75.80069938;76.00835573;76.30471302;76.68467843;77.09588829;77.46596943;77.74420244;77.93645597;78.11219942;78.38608013;78.84577678
