ID;3921.568617;3935.185168;3948.801719;3962.418269;3976.03482;3989.651371;4003.267922;4016.884472;4030.501023;4044.117574;4057.734124;4071.350675;4084.967226;4098.583777;4112.200327;4125.816878;4139.433429;4153.049979;4166.66653;4180.283081;4193.899632;4207.516182;4221.132733;4234.749284;4248.365834;4261.982385;4275.598936;4289.215486;4302.832037;4316.448588;4330.065139;4343.681689;4357.29824;4370.914791;4384.531341;4398.147892;4411.764443;4425.380994;4438.997544;4452.614095;4466.230646;4479.847196;4493.463747;4507.080298;4520.696849;4534.313399;4547.92995;4561.546501;4575.163051;4588.779602;4602.396153;4616.012704;4629.629254;4643.245805;4656.862356;4670.478906;4684.095457;4697.712008;4711.328559;4724.945109;4738.56166;4752.178211;4765.794761;4779.411312;4793.027863;4806.644414;4820.260964;4833.877515;4847.494066;4861.110616;4874.727167;4888.343718;4901.960269;4915.576819;4929.19337;4942.809921;4956.426471;4970.043022;4983.659573;4997.276124;5010.892674;5024.509225;5038.125776;5051.742326;5065.358877;5078.975428;5092.591979;5106.208529;5119.82508;5133.441631;5147.058181;5160.674732;5174.291283;5187.907834;5201.524384;5215.140935;5228.757486;5242.374036;5255.990587;5269.607138;5283.223689;5296.840239;5310.45679;5324.073341;5337.689891;5351.306442;5364.922993;5378.539544;5392.156094;5405.772645;5419.389196;5433.005746;5446.622297;5460.238848;5473.855399;5487.471949;5501.0885;5514.705051;5528.321601;5541.938152;5555.554703;5569.171254;5582.787804;5596.404355;5610.020906;5623.637456;5637.254007;5650.870558;5664.487109;5678.103659;5691.72021;5705.336761;5718.953311;5732.569862;5746.186413;5759.802964;5773.419514;5787.036065;5800.652616;5814.269166;5827.885717;5841.502268;5855.118819;5868.735369;5882.35192;5895.968471;5909.585021;5923.201572;5936.818123;5950.434674;5964.051224;5977.667775;5991.284326;6004.900876;6018.517427;6032.133978;6045.750529;6059.367079;6072.98363;6086.600181;6100.216731;6113.833282;6127.449833;6141.066384;6154.682934;6168.299485;6181.916036;6195.532586;6209.149137;6222.765688;6236.382239;6249.998789;6263.61534;6277.231891;6290.848441;6304.464992;6318.081543;6331.698094;6345.314644;6358.931195;6372.547746;6386.164296;6399.780847;6413.397398;6427.013949;6440.630499;6454.24705;6467.863601;6481.480151;6495.096702;6508.713253;6522.329804;6535.946354;6549.562905;6563.179456;6576.796006;6590.412557;6604.029108;6617.645659;6631.262209;6644.87876;6658.495311;6672.111861;6685.728412;6699.344963;6712.961514;6726.578064;6740.194615;6753.811166;6767.427716;6781.044267;6794.660818;6808.277369;6821.893919;6835.51047;6849.127021;6862.743571;6876.360122;6889.976673;6903.593224;6917.209774;6930.826325;6944.442876;6958.059426;6971.675977;6985.292528;6998.909079;7012.525629;7026.14218;7039.758731;7053.375281;7066.991832;7080.608383;7094.224934;7107.841484;7121.458035;7135.074586;7148.691136;7162.307687;7175.924238;7189.540789;7203.157339;7216.77389;7230.390441;7244.006991;7257.623542;7271.240093;7284.856644;7298.473194;7312.089745;7325.706296;7339.322846;7352.939397;7366.555948;7380.172499;7393.789049;7407.4056
1;19.6730611;19.51213553;19.26144285;18.89743902;18.4512109;17.99391342;17.60418218;17.31752996;17.11752329;16.96007206;16.81391631;16.67935374;16.59384465;16.60673324;16.7423053;16.97388765;17.22639834;17.40865086;17.45784743;17.38654413;17.29263284;17.29143902;17.45776319;17.77656251;18.13743342;18.37985943;18.37177569;18.08673696;17.6414818;17.27003864;17.23951169;17.78106598;18.87598979;20.35939175;21.9658973;23.4324514;24.59432879;25.43020625;26.03900979;26.56562592;27.11604857;27.70383745;28.25109863;28.62766529;28.756401;28.6597463;28.44065526;28.23668032;28.15798056;28.24487969;28.46354716;28.73774363;28.99695721;29.21421971;29.41388888;29.65041086;29.96138648;30.33015013;30.69554308;30.98001982;31.12902655;31.13788742;31.05182928;30.94107351;30.86562232;30.85181457;30.89098341;30.96115514;31.05754987;31.2104501;31.47252382;31.88636192;32.45124112;33.10744762;33.74881539;34.25972625;34.55913574;34.62998931;34.51979425;34.31315812;34.09653416;33.91049204;33.74845877;33.57883949;33.3735636;33.12911216;32.86922681;32.62983729;32.43743136;32.29518285;32.1867525;32.0982425;32.04696994;32.0933639;32.32804689;32.83985021;33.67841837;34.82801772;36.2058827;37.68683269;39.14166289;40.469893;41.61277243;42.5337734;43.23231742;43.70744905;43.95666688;43.99149212;43.84843798;43.5895075;43.28850304;43.00846216;42.78110917;42.59921302;42.42763076;42.22629712;41.98917024;41.74890647;41.56183646;41.47727868;41.50545002;41.60079807;41.67173635;41.61567701;41.36467851;40.91985295;40.35743363;39.81064876;39.39173548;39.1424433;39.01914546;38.9129448;38.70263415;38.31735387;37.78064777;37.21522568;36.80412953;36.72202758;37.08460651;37.83476531;38.80841852;39.80373543;40.64662482;41.25011667;41.63656215;41.91597859;42.23147276;42.69672735;43.35204331;44.15580136;45.00099418;45.77482868;46.41071119;46.89779046;47.27082505;47.58177167;47.86924069;48.14139654;48.37884863;48.55292005;48.6477566;48.67157648;48.66434452;48.6649395;48.69341781;48.74330984;48.78716236;48.79269507;48.74057087;48.6342548;48.49734754;48.36069432;48.24831716;48.16702333;48.10798995;48.06347107;48.03484583;48.03375919;48.07401328;48.15930435;48.27475149;48.38823132;48.46239412;48.47094639;48.4100427;48.31104605;48.20940487;48.13086515;48.07858699;48.03307674;47.96408688;47.8485981;47.68498657;47.49590792;47.31833636;47.19050447;47.12336936;47.1040682;47.10449303;47.09389633;47.05163262;46.97379981;46.87297922;46.77296458;46.70214915;46.68758516;46.75149412;46.88749801;47.05806491;47.19586646;47.21330564;47.02772464;46.59585798;45.94590273;45.19018052;44.50496498;44.07820944;44.06431039;44.47943604;45.21700957;46.11955928;47.03015537;47.85065731;48.57036093;49.25270791;49.98979796;50.84875986;51.83765425;52.9050759;53.96985025;54.98419538;55.95115543;56.91281134;57.91437344;58.96621796;60.02704962;61.01952784;61.87062512;62.55485688;63.11108663;63.64147109;64.23500954;64.92333404;65.67036116;66.39464108;67.01543979;67.4962795;67.86188994;68.17878808;68.51316867;68.89271542;69.28848473;69.65494821;69.97650374;70.29237723;70.68588141;71.2386367
2;22.48698256;22.21417775;21.81492344;21.2664303;20.61922122;19.97912871;19.46735161;19.14675897;19.00803247;18.99696148;19.06567522;19.19404519;19.40253813;19.72681409;20.17763589;20.71133984;21.23192363;21.62782987;21.82346744;21.83672357;21.79407284;21.84334724;22.08331873;22.50127727;22.96457855;23.27606565;23.272219;22.92074018;22.36880851;21.91085064;21.88181686;22.56784945;23.93666058;25.7692061;27.72106073;29.457397;30.77855198;31.67782502;32.30833864;32.88146535;33.55089403;34.33852707;35.13422164;35.74972514;36.05654132;36.06024043;35.87795869;35.67750693;35.59332602;35.66764925;35.84390246;36.0107983;36.0706291;35.99401514;35.83248806;35.68875945;35.65103342;35.72860889;35.86120194;35.95646443;35.94652438;35.83056776;35.6801818;35.60598749;35.70406936;36.01269169;36.49920747;37.08354661;37.67876306;38.2469319;38.80167522;39.37968909;40.00215812;40.64686833;41.24758565;41.72129222;42.00762417;42.09779447;42.03648124;41.89563343;41.73856237;41.57938076;41.38730875;41.11508383;40.73255001;40.24848457;39.70903974;39.17546477;38.69559896;38.28690509;37.94208279;37.65869003;37.46966853;37.45345293;37.71642548;38.34858901;39.37736611;40.7408916;42.29683825;43.86589424;45.28917026;46.4713299;47.39097789;48.0692984;48.56345617;48.90380965;49.09115054;49.1169362;48.98676158;48.73541436;48.42316131;48.11537673;47.85691234;47.65557924;47.48524215;47.30566975;47.09897883;46.88527624;46.71150807;46.62394052;46.63661296;46.71303136;46.77313723;46.72534686;46.50936932;46.12843093;45.65481952;45.21149943;44.89848363;44.7501099;44.72290912;44.71657374;44.62330241;44.3831705;44.02017156;43.64266685;43.40679344;43.4569958;43.88426331;44.63436755;45.5669926;46.51306852;47.32659407;47.93017623;48.33174659;48.60823901;48.8654074;49.19183508;49.62615884;50.149145;50.69422749;51.18827691;51.58809025;51.88961254;52.12267382;52.33150744;52.55177391;52.79491649;53.04635366;53.27615753;53.45596213;53.57026908;53.63344349;53.67199305;53.71067256;53.7624618;53.82463615;53.88286775;53.92041986;53.92692321;53.90301265;53.8589434;53.80974667;53.77081167;53.75303269;53.76548879;53.81679699;53.91387128;54.05800112;54.24036172;54.44042921;54.62944306;54.77967571;54.87476364;54.91624479;54.93200814;54.95166412;54.99640672;55.0682538;55.1486118;55.20649235;55.21318436;55.15689972;55.05004081;54.92609564;54.83116936;54.79734816;54.83104579;54.91127845;54.99489313;55.03024279;54.97478285;54.81137212;54.55742347;54.26403861;54.00347121;53.85214507;53.83642193;53.91430559;53.98456959;53.91178196;53.57382814;52.91493044;51.98508989;50.94603528;50.03277565;49.47919353;49.46146569;49.97511871;50.87310785;51.96112324;53.05931138;54.06656139;54.98513072;55.89710085;56.9068922;58.08030197;59.41011335;60.81983994;62.20383655;63.50138574;64.71240935;65.88258401;67.06167796;68.2607281;69.434296;70.49862488;71.37725957;72.04782488;72.55879911;73.02798723;73.55612267;74.17855929;74.85633122;75.50195481;76.03032277;76.40601932;76.65978544;76.86616483;77.09670551;77.37928737;77.68019215;77.95164006;78.18429937;78.43251298;78.79792099;79.37444476
3;25.61425361;25.30057918;24.86720188;24.29500176;23.64289958;23.02196557;22.54626486;22.25196544;22.09570344;21.9915691;21.88306696;21.76756287;21.71034379;21.80392868;22.10659935;22.59542595;23.16323941;23.66412787;23.98223887;24.10727383;24.16389195;24.31521422;24.67509944;25.22871347;25.81682448;26.19922626;26.17413966;25.70153994;24.96907843;24.35872803;24.31727816;25.24952679;27.15211505;29.77308522;32.67415038;35.39509616;37.61861148;39.26053821;40.44985217;41.41793784;42.35926976;43.33248672;44.24529669;44.9044642;45.17553982;45.06766494;44.71549241;44.31451633;44.02526436;43.90338539;43.88878605;43.85438809;43.6853528;43.34523174;42.8943866;42.45923771;42.1579319;42.02039881;41.99491005;41.98651347;41.9191704;41.7846603;41.65112879;41.62851777;41.81102451;42.23032994;42.84258552;43.55575646;44.27663258;44.97110207;45.66289001;46.39804662;47.19883871;48.03210822;48.81091392;49.42918722;49.80979212;49.93835516;49.8639149;49.66490898;49.40793795;49.10368095;48.71287152;48.18438927;47.4959208;46.67718175;45.80281533;44.96015111;44.21183025;43.57624824;43.03932285;42.59829323;42.30355025;42.27035089;42.65303874;43.58139542;45.0954916;47.10823148;49.41794322;51.76938601;53.93394082;55.76971935;57.23602111;58.34815498;59.17281841;59.74334109;60.05804347;60.11115153;59.92494292;59.5668352;59.13794159;58.73820746;58.42680162;58.19995726;58.00114417;57.75499242;57.43499398;57.0793629;56.77088948;56.5889257;56.55687183;56.61411472;56.63165303;56.46904486;56.04667236;55.39630774;54.66473406;54.07029436;53.76227463;53.76022692;53.93796112;54.07420362;53.95265364;53.46666579;52.68109901;51.8227372;51.20129589;51.09144574;51.65393823;52.77709503;54.19954177;55.62379978;56.81147016;57.65671986;58.19983942;58.58194036;58.96545048;59.45845366;60.07477526;60.74102146;61.33361498;61.76675242;62.02019348;62.1381692;62.19962314;62.27625867;62.4001397;62.55523907;62.69372811;62.76578999;62.74671419;62.64627729;62.51106809;62.3840863;62.28587484;62.20885374;62.12565701;62.0066965;61.83709816;61.62395316;61.39141702;61.16740363;60.97156127;60.80782656;60.66820106;60.54866828;60.45448863;60.39886007;60.39368464;60.43876379;60.51605327;60.59329628;60.63673345;60.62583952;60.56286173;60.47933487;60.40850551;60.37267821;60.37238537;60.38732173;60.38703779;60.34636641;60.25712377;60.13057408;59.99007463;59.86015591;59.75018372;59.65305346;59.55145123;59.42617956;59.26377699;59.06002713;58.82053344;58.55965261;58.29840063;58.0622831;57.87881389;57.75614721;57.67427853;57.58408351;57.415454;57.10101914;56.60777606;55.96407634;55.2674892;54.66366649;54.30002825;54.2888863;54.62572233;55.21473957;55.93360221;56.67646975;57.39602044;58.11483437;58.90217506;59.82935797;60.92756609;62.17045156;63.48649371;64.79640374;66.06728849;67.31422906;68.57759859;69.88335556;71.2114089;72.49167344;73.63300733;74.57113013;75.30895526;75.92276449;76.54217088;77.25721228;78.07780591;78.93398907;79.7132331;80.32066259;80.72870929;80.99020747;81.20749599;81.47612555;81.83908107;82.25783289;82.66624125;83.02828045;83.36997013;83.7708828;84.31572869
4;32.26446813;31.86820217;31.37874435;30.79236144;30.17530031;29.63355746;29.26465135;29.07824334;29.00911932;28.95421107;28.85685766;28.72405179;28.64375876;28.73838479;29.09529744;29.71105739;30.48158636;31.24464791;31.85057199;32.24246229;32.50635789;32.78523703;33.19498755;33.74068442;34.28955627;34.6215535;34.54086599;34.00071119;33.1802344;32.46741894;32.34304091;33.28809949;35.38197019;38.44336946;42.06254433;45.74586683;49.08061565;51.84676307;54.03228869;55.75831438;57.16361773;58.31170382;59.16402971;59.6025231;59.57821176;59.15196748;58.47737468;57.74658772;57.10802514;56.60859844;56.18898791;55.73169749;55.13515933;54.37459954;53.51828799;52.70007302;52.0476612;51.60457946;51.33671365;51.16412858;51.01659715;50.87854932;50.79868903;50.86129453;51.1370048;51.64333959;52.33580754;53.13560095;53.97251902;54.83352973;55.75665793;56.79046062;57.94560214;59.16352713;60.32122848;61.27157352;61.89856792;62.15847212;62.08565967;61.75697348;61.25847229;60.63319267;59.87072359;58.94383434;57.84568994;56.61333777;55.32378944;54.06626064;52.90868793;51.88051918;50.98533469;50.24902418;49.75787987;49.66755622;50.18093777;51.47558502;53.62656636;56.55481802;60.02931917;63.72733881;67.32520248;70.57626428;73.34376807;75.55658489;77.24508576;78.44020591;79.16014185;79.43688129;79.33805897;78.97430297;78.48068236;77.97896426;77.53910074;77.16093304;76.78940101;76.35208687;75.83180183;75.2768437;74.77806841;74.41658249;74.20919832;74.08252285;73.8951581;73.50385307;72.84334752;71.97830563;71.10179103;70.4748235;70.25089954;70.41946081;70.78967497;71.06013808;70.94743753;70.31739079;69.25955178;68.07040409;67.14929201;66.84719109;67.36675805;68.56887312;70.1309279;71.693998;72.98365681;73.89662125;74.50701801;74.99748125;75.55235068;76.26521682;77.10093226;77.92087626;78.54473975;78.88268715;78.94269992;78.8171539;78.62795206;78.46486971;78.34867829;78.2349424;78.05165829;77.74710999;77.32214062;76.83175431;76.35860016;75.95124173;75.6065061;75.27700052;74.90133003;74.44049538;73.90044619;73.3288613;72.78925847;72.32708946;71.94965778;71.62084105;71.29174714;70.9393335;70.57658051;70.24467562;69.98738763;69.82341454;69.73285581;69.66516391;69.56504678;69.4008944;69.18175299;68.95723692;68.77412423;68.65353685;68.57904881;68.5065643;68.38910325;68.20277094;67.95908544;67.69640507;67.4561639;67.25957305;67.08446153;66.88919144;66.63732691;66.31891602;65.95678598;65.59321055;65.26565842;64.98639066;64.73720861;64.4832263;64.19551554;63.87775496;63.56304355;63.29209545;63.08890998;62.94579713;62.82791246;62.69466724;62.52649229;62.34038256;62.18500845;62.12269031;62.18621285;62.36391974;62.62062813;62.92233486;63.2629978;63.67552177;64.21852647;64.94695508;65.88197892;66.99845635;68.23732024;69.52997582;70.84441594;72.18770824;73.58411816;75.04134756;76.52421698;77.9544691;79.23920621;80.31655016;81.19180606;81.93961849;82.68238326;83.49937124;84.38917491;85.27420432;86.04266023;86.61089532;86.97313087;87.2104788;87.45215208;87.80998152;88.32557791;88.92703237;89.49789666;89.94815579;90.26339567;90.51234325;90.80466929
5;21.38766435;21.14106608;20.77912964;20.28050989;19.6920278;19.11146977;18.6498996;18.36335464;18.24174334;18.23163993;18.29122839;18.40363854;18.59171317;18.8925207;19.31863767;19.8297756;20.33457129;20.72549819;20.927894;20.9549224;20.9235562;20.97257226;21.19616407;21.58455506;22.01504186;22.30325603;22.29515768;21.95922251;21.43285312;20.9931791;20.95742049;21.59930394;22.89321963;24.63660558;26.50597766;28.18308003;29.47369081;30.36391078;30.99131038;31.55112801;32.18776152;32.92433151;33.66078192;34.22282004;34.49102421;34.47053773;34.27122311;34.05165099;33.94064593;33.98145488;34.12428929;34.26636382;34.31533236;34.24110225;34.08894996;33.95323216;33.91697215;33.99105366;34.12124957;34.22163408;34.22656666;34.13090601;33.99648127;33.92306387;33.99989266;34.26586844;34.69658403;35.22485522;35.77616022;36.31797486;36.86302678;37.44289767;38.07281172;38.72651113;39.33640154;39.81966815;40.11584051;40.21444505;40.15723458;40.01349743;39.84685537;39.67547089;39.47398079;39.1995671;38.82329874;38.35137472;37.82504495;37.30092279;36.82483073;36.41541168;36.06841552;35.78376542;35.59371828;35.57340383;35.82607406;36.4418752;37.45350921;38.80855685;40.37474732;41.97884422;43.46082309;44.71687579;45.712817;46.45622312;46.99668016;47.36439324;47.56485341;47.59618434;47.46929459;47.22131932;46.91247652;46.60764842;46.35251393;46.15737978;45.99861791;45.83627149;45.6475311;45.44522131;45.26947044;45.16389589;45.14626246;45.18946566;45.22489133;45.16940621;44.96418343;44.60612054;44.15597225;43.72476369;43.40801319;43.24304224;43.19505256;43.17365378;43.07743836;42.84664358;42.49975202;42.13685631;41.90679088;41.95015071;42.35746734;43.07755103;43.9725959;44.87450358;45.63770153;46.18664783;46.53374632;46.76292133;46.98714486;47.29956464;47.73833801;48.2784204;48.8433698;49.35069734;49.75210022;50.04315663;50.2569357;50.44208425;50.63741276;50.85517028;51.0798113;51.28052291;51.42961062;51.51460723;51.55354866;51.57497876;51.60292062;51.64691703;51.69938273;51.74188395;51.75586132;51.73187281;51.67336975;51.5937002;51.51006519;51.43827526;51.38840844;51.36889834;51.38860855;51.45577818;51.57367356;51.73544634;51.92190863;52.10479711;52.25564359;52.35584032;52.40262909;52.41839124;52.42791934;52.44997576;52.48847814;52.53135537;52.5573546;52.54697682;52.49240033;52.40160848;52.29558186;52.20215293;52.14114286;52.11792277;52.12322215;52.13539596;52.12599205;52.06773908;51.94415866;51.75858889;51.5387479;51.33390701;51.20558658;51.18520532;51.24948789;51.31914919;51.2743249;50.99514321;50.41382358;49.55848638;48.56706496;47.65729114;47.05848792;46.9558678;47.36783457;48.17042219;49.18491451;50.23662528;51.21896567;52.12123271;53.01038794;53.97916206;55.08898495;56.33654543;57.65640778;58.9575474;60.18967178;61.35709902;62.50345478;63.67215017;64.86774104;66.04133219;67.10985362;67.9999144;68.6913291;69.23063052;69.72708759;70.27063471;70.88886201;71.54158326;72.14840996;72.63718269;72.98591269;73.23433528;73.45822843;73.72369917;74.05127385;74.40155187;74.72619129;75.01623149;75.32350036;75.74181972;76.35358935
6;25.98182925;25.67588429;25.2599059;24.71311625;24.08958897;23.4943406;23.0360657;22.7488592;22.59024673;22.47242217;22.34140063;22.19452755;22.10019326;22.15769028;22.43513326;22.91964592;23.51020095;24.05941938;24.44107511;24.62666763;24.72398491;24.88772557;25.2344288;25.76118042;26.32370519;26.69206181;26.66491436;26.19288549;25.45025792;24.81061626;24.72525163;25.62152237;27.52869862;30.22357943;33.28150116;36.2333749;38.73183291;40.6510202;42.07994259;43.22331126;44.26743025;45.27955835;46.18560731;46.81080796;47.03496658;46.87185918;46.45539423;45.97972722;45.60650884;45.39550122;45.29187416;45.17256386;44.92402419;44.50890069;43.98640872;43.48411525;43.12406756;42.94075316;42.88530329;42.86164926;42.78870279;42.65134962;42.51221207;42.47963918;42.65075131;43.0630459;43.67859141;44.40949074;45.16302475;45.90320055;46.65260504;47.45714066;48.33876347;49.26143577;50.13082593;50.8289889;51.26517051;51.41422257;51.32145211;51.06976342;50.73944956;50.35662342;49.89187659;49.29646867;48.54358657;47.65539338;46.70098587;45.7677786;44.92473897;44.20035839;43.59031949;43.09928939;42.78026264;42.7496505;43.16657898;44.16964363;45.80944237;48.00584447;50.55515359;53.1886288;55.65479158;57.78529242;59.51602447;60.84403907;61.83258655;62.51950501;62.91035719;63.00671872;62.83636679;62.47044519;62.01353718;61.57030694;61.20634294;60.92496895;60.67540554;60.38553056;60.0274419;59.63680653;59.29422819;59.07843014;59.01357369;59.04002088;59.02859243;58.8372982;58.38471534;57.70243159;56.94028045;56.32271786;56.0038602;56.00387632;56.190819;56.33224468;56.19939799;55.67748231;54.83197767;53.90006553;53.20840181;53.04887415;53.59449116;54.73120475;56.18614807;57.64799179;58.86801234;59.73766394;60.30211294;60.71116645;61.13429421;61.6807074;62.35830525;63.08309345;63.71991542;64.17773231;64.43592762;64.54183617;64.57786221;64.61730856;64.69176261;64.78448795;64.84950791;64.84276242;64.74834604;64.58556329;64.40439844;64.2440631;64.11629957;64.00351335;63.87197428;63.69269555;63.45814216;63.18608808;62.90959981;62.65933879;62.45004736;62.27376223;62.11038016;61.94892574;61.79470372;61.66751546;61.5893671;61.56975354;61.59671684;61.63949241;61.66187731;61.63894345;61.56824726;61.47729704;61.39674483;61.34658162;61.32506458;61.31007357;61.2709216;61.18459202;61.04740223;60.87646885;60.70056181;60.5479324;60.42594715;60.32248813;60.21406189;60.07641561;59.89379071;59.66306539;59.39311207;59.10138559;58.80985873;58.54206029;58.32205516;58.15707699;58.03163255;57.90695763;57.72614142;57.43273935;56.99631338;56.43650284;55.83190655;55.30504035;54.98430384;54.97284217;55.27498318;55.81241868;56.47742164;57.17012533;57.83838655;58.49449313;59.20108503;60.03500969;61.04713061;62.23806685;63.56046571;64.93529333;66.30394073;67.6443073;68.96388914;70.27770314;71.58405762;72.85293942;74.03511822;75.0874449;75.99912547;76.79775391;77.54920846;78.30525276;79.07577103;79.82829419;80.507593;81.06808616;81.50077856;81.83896902;82.13928849;82.45101034;82.79219949;83.14492701;83.48692134;83.82291531;84.19466305;84.66360914;85.27342828
7;25.30508552;24.99829587;24.61336523;24.13761397;23.61896422;23.14267419;22.78997548;22.57297177;22.44175901;22.31199387;22.1418935;21.94124845;21.78783997;21.78578253;22.00546724;22.43706011;22.98510404;23.50890859;23.88637521;24.0850004;24.19867832;24.36626362;24.69343937;25.17798577;25.6891019;26.01756017;25.97961497;25.53013253;24.82952148;24.22382322;24.13584347;24.97636665;26.79296779;29.40068942;32.42023558;35.41472961;38.03925584;40.13618391;41.73895643;42.99368584;44.04720854;44.96069541;45.68812031;46.10503371;46.14367996;45.84437169;45.34091774;44.80913217;44.38914572;44.12960977;43.98075487;43.83646621;43.60100018;43.24416114;42.8161278;42.42194679;42.15731487;42.04309081;42.03261676;42.04372135;42.01061219;41.9235977;41.83472835;41.82810298;41.9728683;42.28795407;42.73672127;43.25527959;43.79601432;44.36764381;45.02366099;45.82064843;46.77011282;47.80970032;48.81155269;49.62609419;50.13963578;50.31622861;50.2025114;49.89192677;49.48395563;49.02487943;48.50077729;47.8718201;47.11214026;46.23800928;45.30889313;44.402735;43.58230189;42.87434664;42.27638505;41.7965236;41.49140833;41.48141851;41.93284915;42.997032;44.74290874;47.11057705;49.91143425;52.87936479;55.74872666;58.32132418;60.4935215;62.21812844;63.5275334;64.44756149;64.98771749;65.16617941;65.03242297;64.67667867;64.2150741;63.75572025;63.36257974;63.03686489;62.72908096;62.37325073;61.95148009;61.50702048;61.12323207;60.87521149;60.77799855;60.76050207;60.6842456;60.40445228;59.84595003;59.05521173;58.20228968;57.53022559;57.19638847;57.2096968;57.41270903;57.54094205;57.33873951;56.68125122;55.64720774;54.50826118;53.63572357;53.36027437;53.87697395;55.0558946;56.58815184;58.12374975;59.38793303;60.26916435;60.83261106;61.25994934;61.74827776;62.41643046;63.25936826;64.16333343;64.95757524;65.53132216;65.86176254;66.00708416;66.06334867;66.11006986;66.17323295;66.22253453;66.19979733;66.05970942;65.80015773;65.4662247;65.1332236;64.85006192;64.62133489;64.41048694;64.16405793;63.84321357;63.44576193;63.0068341;62.57921538;62.20483991;61.89596134;61.62873857;61.36581773;61.08922738;60.81015764;60.56356899;60.38699692;60.29652791;60.27375734;60.27138228;60.23498912;60.12883425;59.95206702;59.7472021;59.55973814;59.41838231;59.32116854;59.23933292;59.13504437;58.982852;58.78247864;58.55631246;58.33410611;58.13591002;57.95435449;57.76698903;57.55261594;57.30559556;57.0405056;56.78404889;56.55996247;56.37664873;56.22416552;56.08334414;55.93911567;55.79089974;55.64841506;55.51772583;55.38945091;55.23801134;55.03485292;54.76982991;54.46817898;54.19073396;54.013869;54.00550287;54.17507204;54.4776008;54.85019265;55.24233448;55.64439556;56.09390305;56.65514667;57.38367853;58.29441828;59.35178767;60.48570095;61.62637847;62.75090143;63.88079509;65.05721925;66.30361472;67.59718672;68.86747379;70.02492955;71.00620165;71.81100334;72.50619202;73.20486494;73.98171131;74.83743443;75.7017602;76.47092726;77.0638581;77.46686716;77.7421366;77.9948015;78.31819691;78.75103543;79.24809324;79.73401373;80.15863026;80.52924084;80.90732695;81.36824286
8;23.19099791;22.92412812;22.53524168;21.99493094;21.35186679;20.71418443;20.2064499;19.8916402;19.75730403;19.73809983;19.78386203;19.87165545;20.02739239;20.29797405;20.70699683;21.22031249;21.74486161;22.16526222;22.39803607;22.45274928;22.4512061;22.54060595;22.81984076;23.27368917;23.76279899;24.08080267;24.05740698;23.66205935;23.05619204;22.55991119;22.53844469;23.30802181;24.83960935;26.90060805;29.1170725;31.11803452;32.67278004;33.75756342;34.52471075;35.19626581;35.93946943;36.78472078;37.62159161;38.25319013;38.54398696;38.49972414;38.24585903;37.96423971;37.80328934;37.81364078;37.93878329;38.06039995;38.0710795;37.93442499;37.70114469;37.47987637;37.36927829;37.38733329;37.47810514;37.54875974;37.52782808;37.41041272;37.26535555;37.202292;37.31704236;37.64702377;38.15766652;38.76684233;39.3875557;39.9852542;40.57943247;41.21256112;41.90814772;42.64042013;43.33350374;43.89111677;44.24004359;44.36292366;44.30204863;44.13186257;43.92281553;43.69683887;43.42814566;43.07264144;42.60226379;42.02773059;41.39729951;40.77404495;40.2069509;39.71414249;39.28987523;38.93697246;38.69891935;38.6684038;38.96804608;39.70109025;40.90047391;42.49897857;44.33851367;46.21768386;47.95493106;49.43607742;50.62592434;51.53275649;52.20601466;52.66996;52.92226794;52.95834345;52.79639238;52.49065288;52.12247716;51.77319435;51.49320372;51.28413189;51.10557892;50.90089075;50.64678714;50.36917993;50.12889215;49.9867006;49.96382595;50.01922989;50.05834586;49.97291802;49.69373749;49.22982172;48.67437575;48.17930114;47.8609835;47.75053759;47.77961531;47.81017609;47.70008058;47.37471699;46.87208157;46.34014956;45.98649387;45.99893213;46.49055744;47.38408337;48.49324921;49.60059852;50.52611453;51.18422466;51.60003649;51.88207821;52.16567771;52.55328683;53.07635222;53.69195997;54.30351672;54.8221729;55.20551167;55.46429721;55.64804316;55.81519373;56.003548;56.21508863;56.42073421;56.58003677;56.66478068;56.67165541;56.63475172;56.59472785;56.5794809;56.59316951;56.61666373;56.619508;56.57635567;56.47919393;56.34028935;56.18488357;56.04024102;55.92503308;55.84306713;55.79309682;55.77452186;55.79028332;55.84400455;55.93410878;56.04889141;56.16662932;56.26270678;56.31942885;56.33336246;56.32378804;56.31289875;56.31633159;56.33419194;56.35053289;56.3413751;56.28747467;56.18505913;56.04904317;55.90720266;55.79111703;55.71600596;55.67812554;55.6585866;55.63025055;55.56701086;55.45114535;55.27823935;55.05910957;54.81926667;54.59535823;54.43011805;54.34352316;54.31768926;54.29554555;54.18992129;53.91153062;53.40736979;52.69619008;51.88370061;51.14237396;50.65896877;50.58909312;50.95335912;51.65193004;52.53469256;53.45018595;54.30294639;55.08285766;55.85346614;56.70852957;57.71868416;58.89607851;60.19154048;61.51638676;62.80643086;64.044167;65.25145997;66.46006361;67.67737175;68.86907498;69.96988714;70.91770122;71.69138065;72.32481204;72.91021466;73.52867904;74.21023755;74.92611911;75.60863092;76.19181526;76.64822639;77.00163877;77.30819021;77.61904081;77.94801057;78.26553609;78.53798363;78.76952918;79.01944479;79.38231035;79.93688336
9;26.31003699;26.05090699;25.66169815;25.10587274;24.43330168;23.75982514;23.21786479;22.86990686;22.69361558;22.60699705;22.55288236;22.51251404;22.53268969;22.69026872;23.0348304;23.5419461;24.10742714;24.58934992;24.87477075;24.95620253;24.96351298;25.06698313;25.38916794;25.92281173;26.51234782;26.91564086;26.92398081;26.48776794;25.7851927;25.19018509;25.14207373;26.03401191;27.85236608;30.33307167;33.02992231;35.48525582;37.3991831;38.71934519;39.61423956;40.3520971;41.15120524;42.07486124;43.01637269;43.75687303;44.13043469;44.12707862;43.87591013;43.57605686;43.39388591;43.3865471;43.48834713;43.56165179;43.48170653;43.20837716;42.80677069;42.41406366;42.15902874;42.07364076;42.09853077;42.12505952;42.0648064;41.90579019;41.72454839;41.64935664;41.79559656;42.21011308;42.85142355;43.61551865;44.38510672;45.10337191;45.78072783;46.46252161;47.18178159;47.92253451;48.61525001;49.1666846;49.50613598;49.6206266;49.55831384;49.3977614;49.20570706;48.99127022;48.71186774;48.30951374;47.75245216;47.06073132;46.30172777;45.5593916;44.89655702;44.33325546;43.85530612;43.45422584;43.16900955;43.10049681;43.38750143;44.14789455;45.4174696;47.11484257;49.05398793;51.00280697;52.75918329;54.20694745;55.32707471;56.15477157;56.76437251;57.18951325;57.42273843;57.44590753;57.26445676;56.92814624;56.52363278;56.14285874;55.84466073;55.63121242;55.45438286;55.2460575;54.97826565;54.68230659;54.43126119;54.29700016;54.30203729;54.39280385;54.4523177;54.35085013;54.0113165;53.45586255;52.81038759;52.26816115;51.96769776;51.93594309;52.07348249;52.19665555;52.12250819;51.75805992;51.15329488;50.49382437;50.0355122;50.0065477;50.54213945;51.55171018;52.81953109;54.09735674;55.18171071;55.97453755;56.49677165;56.85527982;57.18189066;57.57378037;58.05915351;58.59870751;59.10990246;59.5265343;59.82518598;60.02710233;60.18073669;60.33455708;60.51436572;60.71517057;60.90950034;61.06518906;61.1629703;61.20307044;61.21049239;61.21061224;61.21715272;61.22773798;61.22759721;61.19934873;61.13303653;61.03120996;60.90744367;60.77949175;60.66293749;60.56728907;60.49590534;60.4536387;60.44818174;60.48785901;60.57563359;60.70358847;60.85157002;60.99184051;61.09933882;61.16154641;61.18378027;61.19209235;61.21085311;61.25376478;61.31655752;61.37889154;61.41399513;61.40175782;61.33850372;61.23900916;61.13031206;61.04259444;60.99062898;60.97018875;60.96103472;60.9331515;60.85618337;60.70835253;60.48428312;60.19945419;59.88946799;59.6035703;59.39493443;59.28291488;59.23866568;59.18870521;59.03092188;58.66998306;58.06026064;57.23956507;56.33627374;55.53984198;55.04096658;54.98698845;55.3801945;56.10669126;57.01307905;57.95577054;58.85300195;59.70513322;60.57565341;61.54638625;62.66992309;63.9433379;65.31298049;66.70242963;68.06731453;69.40528088;70.74101061;72.09377986;73.44824892;74.74710083;75.91229194;76.88478176;77.66022789;78.29474083;78.89529201;79.54197028;80.25218513;80.9809107;81.65051675;82.19722228;82.60730347;82.9222865;83.21009422;83.52160692;83.8570799;84.16671346;84.40409555;84.57340121;84.74657665;85.03663816;85.53824151
10;31.17316653;30.71033766;30.1847267;29.59215586;28.98494832;28.45024238;28.07348769;27.87145609;27.80207922;27.7833883;27.77788159;27.78813336;27.88005508;28.14380773;28.63790101;29.34473042;30.16398276;30.94965902;31.57026193;31.97866037;32.25642929;32.53379346;32.91530326;33.40522585;33.88425927;34.1563917;34.05073044;33.53451784;32.78138025;32.15253849;32.08746384;33.01732998;34.99585242;37.83804332;41.15477283;44.49150351;47.48207813;49.94826327;51.90558437;53.4842439;54.81519379;55.94306721;56.80701776;57.27045074;57.27358538;56.87627829;56.23566642;55.54674027;54.95610173;54.50335336;54.11877117;53.67610395;53.07151575;52.28671709;51.40339567;50.57116107;49.92695675;49.51107185;49.27693103;49.12839708;48.98376548;48.82747216;48.72130664;48.77093116;49.06742904;49.63813783;50.43187855;51.34706509;52.28078718;53.19513906;54.11773938;55.10307713;56.17974928;57.31108568;58.39185894;59.28392329;59.87162735;60.10698553;60.02059234;59.68952381;59.20322239;58.60685472;57.88836525;57.01365404;55.96575043;54.77246049;53.50673275;52.26091975;51.11245279;50.10293451;49.24602068;48.57235169;48.16286787;48.15993384;48.74890109;50.08730815;52.23041627;55.08274381;58.40377898;61.87164086;65.17547949;68.09263386;70.51776164;72.41629301;73.84784979;74.85885169;75.46918556;75.69895516;75.5949646;75.24522075;74.76743281;74.27581236;73.84326212;73.47969139;73.14130043;72.76315055;72.32149818;71.85066145;71.42397209;71.10891008;70.91936809;70.79286208;70.60994093;70.25181877;69.66869559;68.92238524;68.18188579;67.66724478;67.49895145;67.65610046;67.96847351;68.18190398;68.06903947;67.53618273;66.67738118;65.7504736;65.08372188;64.95006915;65.4894975;66.56350882;67.89806906;69.20436956;70.27278909;71.03460511;71.55891542;71.99331472;72.47978418;73.0859719;73.78019414;74.45353989;74.96693967;75.25102157;75.30832374;75.2049552;75.03210139;74.86262788;74.72365091;74.5959219;74.43615827;74.20733988;73.90097661;73.54039921;73.17060242;72.82159998;72.49636582;72.17283168;71.8192297;71.41385757;70.95907212;70.48151839;70.01974504;69.60558716;69.2521007;68.9468379;68.66338321;68.38504852;68.11192288;67.86036175;67.6522774;67.5010473;67.40200165;67.3324076;67.26153655;67.16469769;67.03406169;66.88646847;66.74501428;66.62720035;66.53484075;66.45303329;66.35774306;66.22780218;66.05522572;65.8475865;65.622699;65.39896364;65.18276304;64.96697265;64.73747103;64.48149774;64.19460459;63.88211045;63.55596178;63.22894527;62.91002582;62.60371445;62.31329113;62.03982223;61.78413598;61.54491278;61.3156607;61.08551471;60.84467322;60.59240365;60.34384274;60.13054058;59.99262029;59.97160693;60.08337717;60.31760546;60.65298293;61.06709556;61.5494595;62.10853213;62.76789909;63.55553591;64.49045694;65.57411776;66.79277638;68.11452149;69.5082147;70.95023992;72.41899828;73.88764744;75.31872694;76.66688765;77.89014587;78.96669734;79.90689642;80.74814117;81.5485429;82.3434896;83.12909685;83.86868228;84.51358319;85.03187817;85.42975087;85.75257364;86.06414355;86.41572549;86.82336926;87.25688522;87.67361317;88.05127059;88.40526;88.78272431;89.23394828
11;28.99161266;28.82933764;28.48038846;27.8752094;27.06044299;26.18222026;25.42610045;24.90769412;24.63155138;24.51248262;24.4737007;24.46476014;24.50393575;24.64914399;24.94156593;25.35574787;25.79079535;26.11249337;26.22328309;26.14370531;26.03634769;26.09811581;26.46035978;27.09974165;27.82294089;28.34198622;28.41302436;27.97794373;27.23766267;26.60917035;26.5721308;27.53447519;29.44392146;31.96945864;34.5939457;36.8174367;38.34976138;39.20228912;39.64046726;40.02838254;40.64646136;41.56847537;42.64942653;43.60525186;44.20258923;44.40042384;44.33151775;44.21920428;44.25482769;44.50555683;44.89622267;45.26737964;45.47341964;45.46534162;45.31365041;45.16782348;45.16253809;45.31879841;45.55229347;45.72636286;45.7352306;45.56924573;45.32619947;45.16455433;45.22513235;45.56490632;46.13470472;46.80994473;47.45212;47.9965996;48.45780187;48.89345728;49.35071394;49.82530901;50.25726707;50.56469453;50.69404404;50.65540828;50.52061587;50.38679991;50.31790967;50.29717182;50.24962751;50.08708327;49.76063609;49.29024639;48.75519924;48.25203502;47.84521661;47.53925099;47.28958245;47.04781127;46.82127534;46.69643305;46.80615527;47.26805107;48.11963429;49.28435815;50.5896654;51.83182273;52.853838;53.59591966;54.09489773;54.43521781;54.70071228;54.90594475;55.00876967;54.95329013;54.71852432;54.34605184;53.92925534;53.57078314;53.33214653;53.20371468;53.11430503;52.97040676;52.73757138;52.46020982;52.23793665;52.16857778;52.28498755;52.51998046;52.72207299;52.7200964;52.40689771;51.79976035;51.04730653;50.38725504;49.99903406;49.92787503;50.06611753;50.20120811;50.11586288;49.69422203;48.98597447;48.20009954;47.63064664;47.54448819;48.10614276;49.22288831;50.65574261;52.12276746;53.38497118;54.31559019;54.91915071;55.30019869;55.60110095;55.9387362;56.36516115;56.8639427;57.37034379;57.82091815;58.18645439;58.47615029;58.72559914;58.97497028;59.24885494;59.54681016;59.84756117;60.1222221;60.34940264;60.52259396;60.66033586;60.78784622;60.92559057;61.0820196;61.25141693;61.41803307;61.56372693;61.67531109;61.74956786;61.79330739;61.82048469;61.8494731;61.89672079;61.97522589;62.0942555;62.25827009;62.46543467;62.70668603;62.96586323;63.22182988;63.45353036;63.64515026;63.78879084;63.89519294;63.97878439;64.05445048;64.13084119;64.20724215;64.27485383;64.32222062;64.34276884;64.34056281;64.33252394;64.34707108;64.40807499;64.52324348;64.67714655;64.82968793;64.92560815;64.9129512;64.76601385;64.50266389;64.1869041;63.91290872;63.77919577;63.81426994;63.95283954;64.05207564;63.93081869;63.43673198;62.51463328;61.25117918;59.87258799;58.68561533;57.97816769;57.94957345;58.56704973;59.6308174;60.89590571;62.14548066;63.26214684;64.25039802;65.2031801;66.23410749;67.41001448;68.7164736;70.06491744;71.34316968;72.49243487;73.51815077;74.47161716;75.40500836;76.32920987;77.19952374;77.93879755;78.48575442;78.84070786;79.07951596;79.33772119;79.71923697;80.25381955;80.89056231;81.52828233;82.06886641;82.46427417;82.73128981;82.92815289;83.10998457;83.29094388;83.44097407;83.52953842;83.57153813;83.64352391;83.85699156;84.29944451
12;22.3671667;22.12273655;21.75864465;21.25172512;20.65245971;20.06475348;19.60337724;19.32021317;19.19651685;19.16368651;19.17774474;19.22356812;19.33704964;19.57367615;19.96215641;20.46934139;20.999696;21.43315843;21.68060114;21.74603468;21.74797948;21.83285112;22.10139484;22.54231144;23.02092293;23.33444872;23.31342462;22.92477881;22.32481839;21.82798338;21.79586389;22.54481632;24.05207846;26.09279533;28.29940718;30.30275705;31.86818516;32.96357567;33.73193405;34.38910422;35.10211646;35.9075985;36.70544831;37.30988314;37.59064944;37.55120641;37.30935214;37.03704363;36.87449698;36.86853863;36.9637915;37.04661786;37.01528987;36.83783309;36.56703052;36.31192774;36.171082;36.16342956;36.23523536;36.29580419;36.27424172;36.16366315;36.02879928;35.97459642;36.09371726;36.42340275;36.93196006;37.54191123;38.16984758;38.7808065;39.39009004;40.03354636;40.72828151;41.44524644;42.11035176;42.63414737;42.95336044;43.06038802;43.0037156;42.85869696;42.68912095;42.50573972;42.27205754;41.93640183;41.46872673;40.88374353;40.23800104;39.60399122;39.03756892;38.55840769;38.15596329;37.82264079;37.58936155;37.54025483;37.79484384;38.45937991;39.57413079;41.08041325;42.82645151;44.61318961;46.25772646;47.64349781;48.7350424;49.54567573;50.13480571;50.53749467;50.75899085;50.7953844;50.65755519;50.3868727;50.05089633;49.72140549;49.4466816;49.23363254;49.05138462;48.85306932;48.61804211;48.36858523;48.15792132;48.03926868;48.03015302;48.09134634;48.13441437;48.05799139;47.79656737;47.35740292;46.82697556;46.34850168;46.03453342;45.91891428;45.94228163;45.97806742;45.89255092;45.61185701;45.16535901;44.68555072;44.36291421;44.3730539;44.82530313;45.65389097;46.69014247;47.73342765;48.61442525;49.24871891;49.65355554;49.9243974;50.18392139;50.52746805;50.98731792;51.52881098;52.06865938;52.52955896;52.87536634;53.11711503;53.29948059;53.47370025;53.67113759;53.89036372;54.10261076;54.27039127;54.3691362;54.3980974;54.39002271;54.38162212;54.39612292;54.43431764;54.47683938;54.4965219;54.47370914;54.40621189;54.30966631;54.20834163;54.12406353;54.06684325;54.03338737;54.01962792;54.02738533;54.06613003;54.14718494;54.27416606;54.43566753;54.60534111;54.75108181;54.84866624;54.89217009;54.90630469;54.92135136;54.96020518;55.02515843;55.09580282;55.13856656;55.12377995;55.04188746;54.91022954;54.76720169;54.66029155;54.61595151;54.63157956;54.67883403;54.71398739;54.69372841;54.58986145;54.39872553;54.14282611;53.86518968;53.61850965;53.45416745;53.3857104;53.37942091;53.3601236;53.22690975;52.88600292;52.29112108;51.47680977;50.56862543;49.7574848;49.24147049;49.1797786;49.58458943;50.34371521;51.297074;52.28832585;53.22344474;54.09868663;54.98526847;55.98058233;57.15091824;58.49440892;59.93843392;61.37112049;62.7169356;63.96101525;65.14243743;66.31839665;67.5197775;68.72432209;69.86234011;70.85277469;71.64965776;72.26588074;72.79164663;73.32411988;73.91701597;74.56328006;75.20590558;75.77499189;76.2282787;76.57289139;76.85585625;77.13207737;77.43206025;77.74629978;78.05210663;78.35063792;78.68468201;79.12596612;79.7343258
13;25.07206653;24.83801439;24.50167385;24.03346309;23.47694937;22.92870135;22.49364983;22.21133795;22.04964578;21.92556355;21.79187203;21.64161582;21.53494513;21.56208902;21.78640714;22.19792844;22.70606628;23.17753534;23.498595;23.64581436;23.72058366;23.86665196;24.19068941;24.68711257;25.2185589;25.56864396;25.54881332;25.11320925;24.42467876;23.8307157;23.74899583;24.57135955;26.31885975;28.7785307;31.55301923;34.20808293;36.42703909;38.10202087;39.32518833;40.29409961;41.18587779;42.06399767;42.85888823;43.40803505;43.5993999;43.446337;43.07394383;42.66234203;42.36037388;42.22167164;42.19356769;42.1605374;42.01620225;41.72446676;41.33750249;40.96879757;40.72516785;40.63313079;40.64387555;40.66755113;40.63037807;40.52020041;40.395328;40.35375841;40.48098709;40.80761824;41.29778301;41.87490538;42.46574311;43.05269506;43.67037;44.36952853;45.17099884;46.03443652;46.8607926;47.52859095;47.94493796;48.0835562;47.98960244;47.74784141;47.44284703;47.10642687;46.71525765;46.22382826;45.60305504;44.86672776;44.07127503;43.29071319;42.58363204;41.97305735;41.45308098;41.02599887;40.73929731;40.6992482;41.05165847;41.92544693;43.37170818;45.32463075;47.60679199;49.98071138;52.22178293;54.17698921;55.78382421;57.03246828;57.97184787;58.63080934;59.01244664;59.11944458;58.97972975;58.6599259;58.25473799;57.85669699;57.52222003;57.25272005;57.00388;56.71594381;56.37154919;56.00898148;55.70352123;55.52402571;55.48611772;55.52784272;55.52517944;55.34553791;54.91489137;54.26466528;53.53480959;52.93300372;52.60194373;52.56127145;52.69162917;52.78186166;52.62397141;52.11366438;51.31120735;50.43419407;49.78292812;49.62684883;50.12741647;51.18070644;52.53419174;53.89701421;55.03403521;55.8396078;56.3533886;56.71691889;57.09513966;57.59987291;58.24798788;58.96679257;59.62967051;60.14249051;60.47579994;60.66436635;60.77871845;60.88426516;61.00950437;61.13825542;61.22664674;61.23292743;61.14357358;60.9809377;60.79982661;60.64407044;60.52820641;60.43406542;60.32353908;60.16085737;59.9321668;59.65234807;59.35664916;59.08236545;58.85321087;58.66925775;58.51302154;58.3720423;58.24719459;58.15286397;58.10646873;58.11430659;58.16236564;58.21806709;58.24336967;58.21184385;58.12049828;58.00019677;57.8861371;57.80360071;57.75547136;57.72236426;57.67370313;57.58445844;57.44802319;57.27859187;57.10301677;56.94842359;56.82259378;56.71511096;56.60529596;56.47252374;56.30447418;56.1001665;55.86823276;55.62356643;55.38443206;55.17168529;55.00909639;54.90673971;54.85310419;54.81146924;54.72251567;54.52205551;54.16864866;53.67136142;53.10223313;52.58271395;52.2451618;52.19853777;52.45380995;52.93684581;53.54297252;54.17616805;54.78992957;55.40169354;56.07478204;56.87841156;57.8476507;58.96449773;60.16758581;61.38409182;62.58199485;63.77489513;65.00114226;66.28619614;67.61057241;68.90388296;70.07080784;71.03828843;71.79701236;72.41028296;73.00186202;73.66603484;74.42403401;75.22065494;75.95686373;76.54621582;76.96312413;77.25706482;77.52318073;77.84806376;78.26440375;78.72287391;79.14778367;79.49657063;79.79560964;80.13410433;80.61491439
14;30.54835192;30.0979778;29.53655249;28.89329676;28.26290763;27.76194776;27.47767935;27.39224838;27.42258124;27.4562688;27.45683114;27.44992407;27.53694977;27.83472696;28.40433781;29.20512371;30.10051555;30.91404792;31.50441012;31.84358083;32.05096563;32.28685454;32.66597298;33.17968561;33.68242339;33.95481611;33.81906149;33.2551982;32.46031795;31.81330121;31.75136802;32.67806887;34.60985055;37.33888602;40.48135175;43.61773746;46.43260456;48.79089652;50.72327496;52.33999944;53.72696239;54.88066849;55.71230755;56.08974589;55.9933436;55.52660344;54.87209002;54.22171789;53.6951353;53.29758352;52.93657291;52.48619719;51.86431722;51.08211379;50.240857;49.48843053;48.93458939;48.58653867;48.37690125;48.21008906;48.02456354;47.83219072;47.71358201;47.77429212;48.08693695;48.65300113;49.4032741;50.23685629;51.07561519;51.91512247;52.80753367;53.81358744;54.94828397;56.14928261;57.28606529;58.20642608;58.7959746;59.01938557;58.92281259;58.59416989;58.12389933;57.5507081;56.85583201;56.00188433;54.97278949;53.79912285;52.55508793;51.33112854;50.2001791;49.19901219;48.33797815;47.64595148;47.2039298;47.15473653;47.6848758;48.95698368;51.03772817;53.84840027;57.16559996;60.67750565;64.0699518;67.10213466;69.64102867;71.62330144;73.0969109;74.11732172;74.72674331;74.96944194;74.90497287;74.61549356;74.19732263;73.73974153;73.30180466;72.89947965;72.51272774;72.10810522;71.67616051;71.24259685;70.85437467;70.54981694;70.32835025;70.13757837;69.88898386;69.4995169;68.9397069;68.263047;67.60248887;67.12956659;66.93996215;67.02167184;67.24320805;67.39914304;67.29528727;66.83713929;66.08308597;65.23812634;64.58790264;64.39540499;64.82844192;65.80327152;67.08663925;68.39926523;69.50785138;70.30239267;70.81876699;71.20009716;71.61620874;72.17934597;72.89355473;73.65615901;74.2959654;74.68934174;74.80027717;74.68849664;74.47323255;74.27246209;74.14886173;74.08851589;74.01968716;73.85844356;73.55729827;73.12925317;72.65637794;72.22096814;71.86602225;71.57797034;71.29856467;70.96023153;70.52537797;70.00840282;69.4690246;68.98045348;68.59473318;68.31070651;68.07634685;67.83655315;67.56093537;67.26091589;66.98142473;66.77287812;66.65972781;66.62360815;66.61073308;66.55829664;66.42386148;66.22403612;66.00632622;65.82414915;65.70633893;65.6422382;65.58861677;65.49455625;65.32974009;65.10001543;64.84205025;64.60366403;64.40631478;64.23459198;64.04860027;63.80750479;63.49368659;63.12297644;62.73686405;62.38132596;62.08448962;61.84551726;61.6395327;61.430839;61.20009647;60.94783572;60.68641915;60.42818223;60.17797819;59.93478766;59.70211154;59.49862591;59.36063284;59.33825248;59.46114193;59.72331533;60.09336452;60.5279891;60.99617528;61.49923783;62.07420812;62.77757824;63.65747547;64.72892976;65.96855243;67.31295551;68.70216086;70.10329894;71.51053608;72.92977211;74.3546769;75.75048454;77.0576719;78.21590442;79.19515072;80.00855928;80.72783866;81.4258659;82.13644499;82.84445859;83.49857042;84.04599852;84.46816992;84.79752556;85.1033483;85.45524202;85.88753529;86.36904251;86.83760118;87.24519586;87.5909746;87.92748856;88.3317899
15;25.23788814;24.95132289;24.56319609;24.04704016;23.44971767;22.87284294;22.43151843;22.17861427;22.09709849;22.11494107;22.18906061;22.30116037;22.48622919;22.80107702;23.27729167;23.88416843;24.52566948;25.07645131;25.43701367;25.59746354;25.66638556;25.78608299;26.06039428;26.486768;26.94128007;27.23003671;27.18791772;26.78144518;26.16404381;25.6487026;25.60093975;26.35063539;27.89341102;30.02376332;32.38748324;34.61641397;36.46124652;37.86118175;38.92259199;39.82543146;40.71003315;41.60139137;42.40447492;42.95042883;43.13809868;42.99433827;42.65016834;42.28067049;42.02215881;41.91562291;41.90252872;41.87074278;41.72376184;41.43555619;41.0625292;40.71411161;40.48647808;40.39730781;40.39559365;40.39711991;40.33877539;40.21889337;40.10169785;40.08519291;40.25104236;40.62575042;41.17177938;41.81340035;42.47703407;43.13978994;43.82619421;44.57498323;45.3985879;46.25703885;47.06197544;47.70950902;48.12395424;48.28827737;48.24478893;48.06465536;47.81381286;47.51227151;47.13540043;46.64534355;46.02394087;45.29235167;44.50661784;43.73334084;43.02156663;42.3889027;41.83196198;41.36281014;41.04075948;40.97695224;41.3130007;42.16654903;43.57601848;45.4679191;47.66576233;49.94041133;52.07802284;53.93337777;55.44639122;56.60646068;57.46281278;58.05003513;58.38152356;58.46986819;58.34627997;58.0705334;57.72210476;57.37649337;57.07951103;56.83357407;56.60594438;56.35283213;56.06196631;55.762527;55.5102948;55.35506046;55.3065121;55.3173217;55.29534322;55.14310109;54.80618962;54.30640767;53.74343529;53.26593953;52.97835204;52.89971705;52.95274251;52.99588942;52.88806945;52.55743756;52.04359514;51.49364236;51.11220473;51.08406297;51.52132499;52.3517676;53.39785705;54.4518429;55.34171729;55.98592342;56.4088884;56.71404561;57.02858585;57.44544516;57.9869229;58.602571;59.19065598;59.66375933;59.98323007;60.16581902;60.26716199;60.35009641;60.45426285;60.58160009;60.70272463;60.77837005;60.78336685;60.71863186;60.61881193;60.52023997;60.44238903;60.37977478;60.30727342;60.19581325;60.02975884;59.81605166;59.58098587;59.35625538;59.16484238;59.01002884;58.87823325;58.75836402;58.65114223;58.57124948;58.5386695;58.56450536;58.63986351;58.73460807;58.80899628;58.83099885;58.79057199;58.715228;58.64141185;58.59864648;58.59354196;58.60667853;58.60303928;58.55073598;58.43830688;58.28070726;58.11201118;57.97087919;57.87322873;57.80856464;57.74804815;57.6579522;57.51408616;57.31006262;57.05777655;56.78179407;56.51130374;56.27405794;56.09460477;55.97699535;55.90181551;55.82589775;55.68657687;55.41954298;54.98568768;54.39832289;53.73709237;53.13659266;52.74744187;52.70035362;53.01681552;53.61552731;54.36992639;55.15182599;55.88335264;56.56442743;57.26289695;58.07314386;59.06476941;60.24722279;61.56632283;62.9243564;64.24794581;65.51371969;66.74304429;67.9723825;69.21638026;70.4467745;71.60030072;72.61202886;73.45493038;74.15650205;74.80422714;75.47567363;76.19534085;76.92570248;77.58907421;78.11310956;78.47418849;78.7135754;78.91593386;79.16341814;79.49518328;79.87851427;80.25374942;80.58656768;80.89968437;81.26810868;81.77630696
16;26.36135805;26.07861408;25.70373556;25.20858147;24.63524216;24.07742267;23.63871276;23.36068105;23.21757913;23.13120326;23.06132732;23.00033632;23.00284632;23.14958566;23.49372355;24.01754464;24.62626356;25.18505132;25.57872928;25.7806732;25.8891039;26.04485899;26.35519584;26.82018147;27.31259261;27.62778995;27.58654599;27.14632694;26.46599869;25.88373183;25.80734394;26.62343669;28.35949693;30.81688612;33.61587011;36.33595295;38.66408636;40.48333797;41.86625284;42.9861808;43.9985841;44.95365627;45.77952465;46.31980209;46.4774322;46.27841614;45.85501739;45.38909487;45.02767097;44.82183218;44.71791919;44.60171;44.36974006;43.98904779;43.51410832;43.06015094;42.73582935;42.57057104;42.51984537;42.49837147;42.43570241;42.32065392;42.21008419;42.19928047;42.3714062;42.75616525;43.31825238;43.98220385;44.67351504;45.36962758;46.09797431;46.90118071;47.79331516;48.73063226;49.61457742;50.32695896;50.77869419;50.94539627;50.8706847;50.6338721;50.31278632;49.93524216;49.47701307;48.89569902;48.16839226;47.31641579;46.40335863;45.50909609;44.69666977;43.99268848;43.39476826;42.91043038;42.59296839;42.55493359;42.9498076;43.91335192;45.50016729;47.6418627;50.15069048;52.77166433;55.25844425;57.4365725;59.22699339;60.60906372;61.63564689;62.34669691;62.75861241;62.88588222;62.76305033;62.45726573;62.05956479;61.65837467;61.30920337;61.01727616;60.74549308;60.44175489;60.09025006;59.72465738;59.41148837;59.21120826;59.13618285;59.12917477;59.0779491;58.86424421;58.42485609;57.79356636;57.1031859;56.54633686;56.25154174;56.23223498;56.37252188;56.47240999;56.33705542;55.87051347;55.13182271;54.32709565;53.73866924;53.61806636;54.11349154;55.12297326;56.40596604;57.68826836;58.75149024;59.50236446;59.98598998;60.34240874;60.7296671;61.2498731;61.90946226;62.62623063;63.26586444;63.73303531;64.00083473;64.11119665;64.14497944;64.17847416;64.2486976;64.34312885;64.41563882;64.41720753;64.32418709;64.14833469;63.93839223;63.73790746;63.56606969;63.41287052;63.2496609;63.04876812;62.80098032;62.52064609;62.23721247;61.97779538;61.7535638;61.55340108;61.35634922;61.15339651;60.9556548;60.79161045;60.69203551;60.67155644;60.716846;60.78868692;60.83813;60.82777488;60.74723434;60.62822462;60.51124043;60.42850611;60.38798451;60.3714297;60.34562729;60.28051119;60.16422594;60.00713223;59.83381467;59.6698061;59.52324507;59.38438006;59.23473394;59.05830067;58.84967091;58.61474072;58.36615236;58.116818;57.87666709;57.65378972;57.45916688;57.29960559;57.17169248;57.05476621;56.90824926;56.68205383;56.33860218;55.87811672;55.35512342;54.87256942;54.55172698;54.50198975;54.74702014;55.22719537;55.84604215;56.50641327;57.15192034;57.78813036;58.4717027;59.27593925;60.24983868;61.39308788;62.65769986;63.96765398;65.27216777;66.5610862;67.85412066;69.1723662;70.50848599;71.81474086;73.01769311;74.05308068;74.9018931;75.60095626;76.24410239;76.91105148;77.62843312;78.36429542;79.04991766;79.62148912;80.05740293;80.39052362;80.6876413;81.00999941;81.38044982;81.76935068;82.13393682;82.46147416;82.78985409;83.19513273;83.74755691
17;23.94245286;23.66436727;23.31344059;22.86850678;22.3674287;21.89001537;21.52296172;21.29923935;21.19699014;21.15092015;21.13112017;21.13266907;21.19996082;21.39485761;21.75266088;22.24864532;22.79637059;23.28102004;23.60944275;23.76655469;23.84168273;23.95519284;24.19511369;24.5578673;24.93519509;25.15906405;25.08798438;24.69715608;24.12717241;23.66059742;23.62855419;24.33658387;25.79235512;27.82488218;30.12460481;32.35804707;34.28386025;35.81726786;37.0177765;38.01439897;38.9123783;39.73009297;40.39474156;40.77804118;40.82080114;40.57087256;40.15972767;39.74993995;39.46416969;39.33827593;39.31971224;39.30871189;39.21870352;39.0237599;38.76872227;38.54404899;38.42815582;38.43235139;38.50940363;38.58343289;38.59591231;38.53963338;38.46236212;38.44035738;38.53756104;38.77572956;39.12996506;39.55279406;40.00912509;40.5074607;41.09072916;41.80135419;42.64239853;43.55562532;44.43022024;45.13999648;45.59075811;45.75385168;45.66916877;45.41533526;45.07742589;44.6985189;44.27299788;43.77316018;43.17937262;42.50154787;41.78032835;41.06955704;40.41302773;39.83120651;39.32811492;38.92240051;38.67338254;38.68623924;39.09664955;40.02214709;41.51057203;43.50593938;45.85068798;48.32704338;50.71808063;52.85969901;54.66186281;56.07852891;57.13415653;57.85521029;58.26084841;58.37917265;58.25929245;57.9746408;57.61094272;57.24358553;56.91563003;56.62830101;56.35150445;56.04799609;55.71266091;55.37853788;55.10082496;54.924622;54.85257397;54.83031001;54.76107952;54.54675386;54.13674308;53.5603892;52.92714996;52.39455291;52.06861737;51.96258338;51.98577046;51.97949272;51.78843825;51.33646776;50.67319698;49.96908541;49.4587889;49.35311376;49.77880193;50.6508542;51.76480475;52.88454723;53.81970402;54.48821541;54.93160802;55.27942022;55.68113002;56.23728671;56.95932247;57.77179973;58.54251542;59.16545873;59.59783817;59.86342007;60.02809381;60.15977574;60.29398247;60.42152327;60.50217892;60.49390413;60.38101477;60.18467138;59.96304308;59.76549274;59.61179508;59.48655096;59.3515671;59.16936579;58.92500932;58.63379208;58.3319915;58.05578442;57.82328105;57.6240835;57.43184566;57.23105259;57.02906023;56.85557065;56.74652613;56.72201803;56.77040451;56.84840656;56.89858979;56.87443005;56.75958012;56.58951764;56.41196573;56.26672581;56.165813;56.09016448;56.00286865;55.87136068;55.68632454;55.46645298;55.24755038;55.06524282;54.92616884;54.81143908;54.68986606;54.53522297;54.34007809;54.11815473;53.89596023;53.69981395;53.54548845;53.43617846;53.36781601;53.32764314;53.29963592;53.26029739;53.1746639;53.00208419;52.71283048;52.31042063;51.84750308;51.42200616;51.15003887;51.13716041;51.40564876;51.89388826;52.50102521;53.12426896;53.70362804;54.24599796;54.81553036;55.49696708;56.34986432;57.37852106;58.53143286;59.72216582;60.89118532;62.02691688;63.15729111;64.31929429;65.52323707;66.73472395;67.88479268;68.90505206;69.76651859;70.49531542;71.17534987;71.87899743;72.62531143;73.37274425;74.0428688;74.56703413;74.92933433;75.18245801;75.42449637;75.75011921;76.20770659;76.75915037;77.32735766;77.85050967;78.31749043;78.77210794;79.28088929
18;26.4054964;26.13012604;25.7667951;25.29181486;24.7499228;24.2333522;23.83933151;23.59951207;23.4802088;23.39677669;23.31044253;23.21763205;23.18046223;23.28754899;23.59786648;24.09628262;24.68775532;25.23559145;25.62242359;25.81975466;25.92436768;26.07601692;26.38096197;26.8386312;27.32197096;27.62767624;27.57872453;27.1349813;26.45689184;25.88285939;25.81986104;26.65432715;28.41505411;30.90732923;33.75609839;36.54345352;38.95389165;40.86146921;42.32418764;43.49885408;44.52745356;45.4546138;46.21345565;46.66216306;46.72576555;46.44799558;45.97047557;45.47503807;45.10167683;44.89216613;44.78591561;44.66691569;44.43483172;44.06217157;43.60751741;43.18645879;42.90246623;42.77756464;42.76135051;42.76587108;42.72132047;42.61846821;42.51471705;42.50250966;42.65897911;43.00727273;43.50891489;44.09188346;44.69481677;45.31314297;45.99089511;46.78129984;47.69940673;48.69243095;49.64548498;50.42179585;50.91680812;51.09768087;51.00786204;50.73314413;50.36330944;49.93796777;49.44109595;48.83442676;48.09514019;47.241501;46.33233304;45.44244467;44.63077424;43.92176011;43.31331624;42.81603833;42.4892247;42.45259283;42.86713993;43.87546531;45.53729629;47.78664;50.43464173;53.22137174;55.89200753;58.26081737;60.23555935;61.78000905;62.93488465;63.73329642;64.19101522;64.32902167;64.19375887;63.86608545;63.44848953;63.03556673;62.68290031;62.39114921;62.11713189;61.80400819;61.4365086;61.05178069;60.72053034;60.50538612;60.41739092;60.39497963;60.32102296;60.07502601;59.59639182;58.92630988;58.20748994;57.64041954;57.35261377;57.34933235;57.50110341;57.59410426;57.42516219;56.89929582;56.08609197;55.20811789;54.56416575;54.4163984;54.91552095;55.94978237;57.26572337;58.57889784;59.66654234;60.43755745;60.94340486;61.33063214;61.76032014;62.33268687;63.04862942;63.81953399;64.50666826;65.01479828;65.31861999;65.46061568;65.51900072;65.56413917;65.62596747;65.6873384;65.70322846;65.63248924;65.46442824;65.22558508;64.97297618;64.74932785;64.56565245;64.39995346;64.21268199;63.97064964;63.66609125;63.32061739;62.97321498;62.65908358;62.39395074;62.16630617;61.9510016;61.73466301;61.52444158;61.34554192;61.22584171;61.17733538;61.18509319;61.21038625;61.20760559;61.14511087;61.01939271;60.86474622;60.7192705;60.6082077;60.53103753;60.46369975;60.37350961;60.23827587;60.05889619;59.85786025;59.66543961;59.5033939;59.36436624;59.22270677;59.04996013;58.8305923;58.57053774;58.29299926;58.02590376;57.78830438;57.58357289;57.40305686;57.23635533;57.07778612;56.92745288;56.78176547;56.62453931;56.42740936;56.16273112;55.82395554;55.44285023;55.09074517;54.85894399;54.83541751;55.04443248;55.44293322;55.95587922;56.50623223;57.0504521;57.59722649;58.1986525;58.92036481;59.80592348;60.85497764;62.02631581;63.25419038;64.49584248;65.74380911;67.01399269;68.31907268;69.64252521;70.93110166;72.11188265;73.12742922;73.96880493;74.6830041;75.36571555;76.08898645;76.86558566;77.64745354;78.3531997;78.91523485;79.3194399;79.61538084;79.89038908;80.22289505;80.64453316;81.11519771;81.5705151;81.97215459;82.33682914;82.73066754;83.22820967
19;28.73520719;28.44052667;28.02794822;27.46245703;26.79546657;26.14237718;25.63186952;25.31811848;25.17250061;25.10129151;25.05207214;25.00870652;25.02776067;25.19821576;25.5801924;26.15503382;26.81791529;27.42000061;27.83655738;28.04495217;28.16191431;28.34846902;28.72181757;29.27279196;29.8466364;30.20468389;30.145117;29.63026812;28.85647914;28.2216387;28.19235761;29.19516007;31.23087144;34.04091027;37.16826024;40.12727029;42.5766019;44.41622378;45.7693331;46.86875348;47.91223978;48.95943504;49.91567588;50.58299419;50.82893944;50.67040663;50.25282505;49.78124155;49.41986363;49.22033549;49.11293911;48.96065448;48.64449553;48.13345845;47.5022871;46.89730482;46.45388958;46.20875793;46.10826808;46.04955785;45.94830961;45.79250262;45.65281622;45.64616096;45.87386574;46.37028437;47.08733164;47.92287965;48.77018194;49.58512621;50.38698728;51.22187168;52.11381816;53.03022777;53.88193149;54.55835706;54.97742085;55.12150756;55.0389822;54.8090979;54.5008921;54.12763389;53.65105629;53.02094032;52.21653987;51.27026572;50.26041408;49.27830047;48.39074046;47.62107732;46.96201109;46.4222492;46.06692677;46.02592285;46.46655011;47.52425257;49.23339552;51.48853;54.05998986;56.66212804;59.04154399;61.04274639;62.62332873;63.80443633;64.667488;65.25858986;65.58485212;65.64543129;65.46399893;65.10706515;64.67367189;64.26171921;63.92962907;63.6748895;63.44451808;63.16882208;62.82614302;62.45636205;62.13943795;61.94773228;61.89609696;61.91787151;61.88429731;61.66340785;61.19044044;60.51328129;59.79046548;59.24051586;58.99805742;59.06323022;59.29164872;59.45252117;59.33224631;58.83683227;58.04696865;57.20019099;56.60617156;56.52850485;57.10955708;58.22362934;59.60767993;60.97447036;62.10341502;62.90546307;63.42878128;63.80950953;64.19435674;64.67188533;65.24108102;65.82423332;66.3063686;66.62039063;66.7619075;66.78450322;66.76742807;66.7758881;66.83358471;66.91932255;66.98609372;66.98993699;66.91348966;66.77166053;66.60808997;66.457727;66.33171857;66.21551714;66.08004235;65.89964096;65.6668637;65.396247;65.11651318;64.85562813;64.62973176;64.43751027;64.26706822;64.11318415;63.98196799;63.88844256;63.84610284;63.85567261;63.89974042;63.94717571;63.96647566;63.93981669;63.87167816;63.79154889;63.72787241;63.69572398;63.68839654;63.68137907;63.64509737;63.56041029;63.42844568;63.26929993;63.11149457;62.97901729;62.87274804;62.77552283;62.66168928;62.50790575;62.30160525;62.04277196;61.74185387;61.41584019;61.08579835;60.77611793;60.51536983;60.31842277;60.17691388;60.05532573;59.89356603;59.62570525;59.20940629;58.65428917;58.03487482;57.47608332;57.11384353;57.06058303;57.32743097;57.83745683;58.48143316;59.15813181;59.81691573;60.47453724;61.19842153;62.06693511;63.12659895;64.3684597;65.73356102;67.13651997;68.52178809;69.87618789;71.21638448;72.55990434;73.89725896;75.18313093;76.35338096;77.36022125;78.20312456;78.93303354;79.63986601;80.38290724;81.16023082;81.91332092;82.56029797;83.04410788;83.36753098;83.59536133;83.82009139;84.1114656;84.48058769;84.86812128;85.20640027;85.4735958;85.7188332;86.04405906;86.54715632
20;23.78910871;23.53304936;23.17861845;22.69564707;22.12627472;21.56618573;21.12259803;20.84258831;20.70638254;20.64237557;20.61293724;20.60815293;20.67250883;20.87016354;21.23585777;21.73806605;22.2785207;22.731686;23.00271834;23.09184566;23.11718409;23.22657972;23.52140185;23.9882025;24.48710731;24.80902362;24.7804197;24.3698502;23.7427257;23.22885725;23.20753542;24.01321406;25.62694329;27.81974217;30.21150552;32.41540385;34.17834229;35.4525975;36.37013496;37.14026941;37.92711349;38.76749704;39.56467713;40.13881516;40.37140449;40.27738826;39.9832481;39.66502967;39.46182397;39.41561439;39.46529287;39.49358236;39.39909882;39.15401462;38.81716618;38.5033304;38.31369988;38.26640365;38.30591694;38.34046977;38.29992331;38.17977347;38.04714897;38.00754962;38.15132944;38.51091668;39.04909165;39.68411127;40.33178058;40.95987897;41.58745674;42.25317858;42.97449613;43.72008892;44.4120555;44.95711939;45.2892304;45.39907621;45.3337908;45.16653423;44.95905654;44.72202467;44.42107019;44.00986895;43.46574706;42.81034168;42.10398337;41.41849022;40.80567287;40.2810818;39.83407783;39.46492985;39.21989828;39.19928815;39.53456754;40.33376183;41.62651202;43.33333498;45.2781312;47.24219802;49.03348275;50.53748185;51.72769941;52.62615236;53.29569245;53.76680899;54.03627393;54.09355483;53.94948427;53.65315245;53.28489859;52.92885663;52.6401971;52.42474247;52.24419846;52.04178243;51.79208234;51.51914224;51.28238605;51.14117325;51.11470061;51.15921296;51.17783151;51.06237916;50.74777441;50.25135526;49.67749702;49.18782659;48.89927467;48.83546062;48.91358096;48.97932981;48.8787014;48.53429848;47.99146971;47.4125416;47.02006266;47.01081565;47.49769832;48.392999;49.49937967;50.59348649;51.49725067;52.13340615;52.53669188;52.82034762;53.11548422;53.51219252;54.02657195;54.60442341;55.14812639;55.58270263;55.88355087;56.07723872;56.22035664;56.3673983;56.54448626;56.74074925;56.91977943;57.04241752;57.08876962;57.06616446;57.01267061;56.96372799;56.93628686;56.92364283;56.90230335;56.84704594;56.74557562;56.60488456;56.4469709;56.29661682;56.17053172;56.07088322;55.98979552;55.92436117;55.88214371;55.87968045;55.93260107;56.04350741;56.1947802;56.35125064;56.47332122;56.5330073;56.52512486;56.4800568;56.43347284;56.41305489;56.42520573;56.45350341;56.46838951;56.44322539;56.3684305;56.25630064;56.1349551;56.03708545;55.97796541;55.95142112;55.93474414;55.8971794;55.81097835;55.65990067;55.44454263;55.18303518;54.90851099;54.66308955;54.49186258;54.41138478;54.39754871;54.38682388;54.28778135;54.01113032;53.50867525;52.80672332;52.01747672;51.31600802;50.88569889;50.87291702;51.28503683;52.01151462;52.89730787;53.79426857;54.61733574;55.37025194;56.1290902;56.9945013;58.03679543;59.26113773;60.60678551;61.97181695;63.28249713;64.51615366;65.69538139;66.85834322;68.02349644;69.17011388;70.24557268;71.19577469;71.99899236;72.67911968;73.30846114;73.94904914;74.61819383;75.2850767;75.89147271;76.38862327;76.76769538;77.06580652;77.34302456;77.64605446;77.98045044;78.30889412;78.59617466;78.84896219;79.12938631;79.53094765;80.12718917
21;5.320597964;5.370470556;5.403689779;5.410589251;5.391589017;5.355239661;5.310611312;5.259613949;5.195242029;5.102266586;4.977643606;4.826834837;4.670232552;4.534625785;4.441061319;4.394942958;4.384070723;4.385719615;4.378838642;4.357162359;4.335514501;4.337941622;4.383039069;4.470254028;4.575510399;4.65940787;4.68521489;4.639015394;4.54218265;4.448673902;4.42638523;4.539577661;4.792776166;5.149479061;5.541129945;5.892805641;6.150956776;6.300596259;6.364787507;6.388243488;6.414249626;6.466114598;6.540827492;6.615264182;6.66424865;6.67956887;6.671437386;6.661091047;6.667937666;6.698885281;6.745414723;6.789398676;6.814038171;6.813684839;6.797015336;6.782836152;6.788886813;6.819167305;6.864146385;6.906266006;6.929728646;6.928827941;6.910332002;6.889291021;6.879685757;6.887761402;6.909056359;6.931495376;6.94309477;6.941167143;6.931869284;6.925872894;6.931564719;6.949985321;6.974365623;6.994447862;7.002929309;7.000095552;6.993831274;6.995459803;7.012011076;7.040412478;7.070824;7.092083348;7.09824434;7.092096732;7.083577821;7.084002469;7.099419523;7.126898222;7.156027727;7.174378296;7.17659519;7.168394934;7.161721832;7.168097152;7.191625936;7.226034171;7.25768843;7.273269267;7.267534085;7.246620778;7.224841194;7.217965075;7.231101313;7.256165338;7.277200483;7.27891191;7.255413537;7.21402914;7.171825356;7.146734839;7.147983992;7.170889541;7.199198973;7.21227913;7.20177923;7.174388901;7.147840364;7.140732845;7.161315377;7.201247639;7.238128763;7.246201001;7.210010131;7.133956633;7.042914585;6.973976912;6.951658779;6.977415415;7.02797707;7.065090776;7.052764979;6.974109973;6.840210216;6.687084498;6.562162047;6.506055063;6.541596408;6.653770244;6.808605206;6.968913109;7.10562107;7.205172223;7.269424501;7.309661372;7.338593297;7.364467036;7.389271066;7.410632703;7.42519642;7.432649861;7.434582631;7.433111417;7.429176426;7.422133225;7.410833589;7.395330371;7.378002898;7.363170714;7.355306841;7.357218409;7.366879403;7.379536428;7.390032816;7.394956447;7.393896528;7.389111155;7.383935725;7.380697474;7.37932546;7.377368053;7.371422961;7.359591698;7.34331683;7.32611381;7.312489888;7.306408146;7.309745129;7.321277978;7.336762777;7.350246392;7.356089023;7.350720265;7.333778905;7.310800246;7.289276921;7.276938694;7.278769216;7.294978627;7.320638028;7.347290038;7.366329614;7.372808249;7.367860843;7.358415488;7.354092923;7.360390947;7.376431685;7.395093748;7.406705315;7.404416888;7.388131192;7.364658717;7.344219712;7.335157178;7.339502322;7.348844776;7.350847844;7.336410689;7.304907929;7.265332762;7.232550841;7.220273062;7.233716685;7.265685909;7.299174081;7.314461288;7.30203904;7.267658869;7.226795202;7.198065118;7.194764155;7.219085132;7.261973751;7.308777039;7.347083465;7.372284957;7.388303663;7.404431485;7.426101276;7.450731169;7.468919229;7.469967788;7.448526866;7.408494533;7.362472057;7.327143972;7.316687076;7.338478351;7.38719006;7.451123855;7.518794679;7.581372753;7.633373941;7.671292667;7.691880082;7.692203869;7.671696003;7.634929333;7.593576106;7.564703564;7.562550763;7.593612246;7.653003658;7.725691053;7.792381499
