Sample Name,3921.568654,3935.185205,3948.801765,3962.418316,3976.034876,3989.651427,4003.267987,4016.884537,4030.501097,4044.117648,4057.734208,4071.350759,4084.967319,4098.58387,4112.20043,4125.81698,4139.43354,4153.050091,4166.666651,4180.283202,4193.899762,4207.516313,4221.132873,4234.749423,4248.365983,4261.982534,4275.599094,4289.215645,4302.832205,4316.448756,4330.065316,4343.681866,4357.298426,4370.914977,4384.531537,4398.148088,4411.764648,4425.381199,4438.997759,4452.614309,4466.230869,4479.84742,4493.46398,4507.080531,4520.697091,4534.313641,4547.930202,4561.546752,4575.163312,4588.779863,4602.396423,4616.012974,4629.629534,4643.246084,4656.862644,4670.479195,4684.095755,4697.712306,4711.328866,4724.945417,4738.561977,4752.178527,4765.795087,4779.411638,4793.028198,4806.644749,4820.261309,4833.87786,4847.49442,4861.11097,4874.72753,4888.344081,4901.960641,4915.577192,4929.193752,4942.810303,4956.426863,4970.043413,4983.659973,4997.276524,5010.893084,5024.509635,5038.126195,5051.742746,5065.359306,5078.975856,5092.592416,5106.208967,5119.825527,5133.442078,5147.058638,5160.675189,5174.291749,5187.908299,5201.524859,5215.14141,5228.75797,5242.374521,5255.991081,5269.607631,5283.224192,5296.840742,5310.457302,5324.073853,5337.690413,5351.306964,5364.923524,5378.540074,5392.156634,5405.773185,5419.389745,5433.006296,5446.622856,5460.239407,5473.855967,5487.472517,5501.089077,5514.705628,5528.322188,5541.938739,5555.555299,5569.17185,5582.78841,5596.40496,5610.02152,5623.638071,5637.254631,5650.871182,5664.487742,5678.104293,5691.720853,5705.337403,5718.953963,5732.570514,5746.187074,5759.803625,5773.420185,5787.036736,5800.653296,5814.269846,5827.886406,5841.502957,5855.119517,5868.736068,5882.352628,5895.969179,5909.585739,5923.202289,5936.818849,5950.4354,5964.05196,5977.668511,5991.285071,6004.901621,6018.518182,6032.134732,6045.751292,6059.367843,6072.984403,6086.600954,6100.217514,6113.834064,6127.450624,6141.067175,6154.683735,6168.300286,6181.916846,6195.533397,6209.149957,6222.766507,6236.383067,6249.999618,6263.616178,6277.232729,6290.849289,6304.46584,6318.0824,6331.69895,6345.31551,6358.932061,6372.548621,6386.165172,6399.781732,6413.398283,6427.014843,6440.631393,6454.247953,6467.864504,6481.481064,6495.097615,6508.714175,6522.330726,6535.947286,6549.563836,6563.180396,6576.796947,6590.413507,6604.030058,6617.646618,6631.263169,6644.879729,6658.496279,6672.112839,6685.72939,6699.34595,6712.962501,6726.579061,6740.195611,6753.812172,6767.428722,6781.045282,6794.661833,6808.278393,6821.894944,6835.511504,6849.128054,6862.744614,6876.361165,6889.977725,6903.594276,6917.210836,6930.827387,6944.443947,6958.060497,6971.677057,6985.293608,6998.910168,7012.526719,7026.143279,7039.75983,7053.37639,7066.99294,7080.6095,7094.226051,7107.842611,7121.459162,7135.075722,7148.692273,7162.308833,7175.925383,7189.541943,7203.158494,7216.775054,7230.391605,7244.008165,7257.624716,7271.241276,7284.857826,7298.474386,7312.090937,7325.707497,7339.324048,7352.940608,7366.557159,7380.173719,7393.790269,7407.406829
1,17.73334388,17.281316,16.95063851,16.7233422,16.56711006,16.45320408,16.37399972,16.34928159,16.41815122,16.62068041,16.97707161,17.473807,18.06472973,18.68753716,19.28619593,19.82625326,20.29411535,20.69157257,21.01869568,21.26402535,21.40941515,21.44205897,21.36752976,21.21576092,21.03592918,20.8816755,20.79235597,20.77859109,20.82019325,20.87971733,20.92685809,20.96203052,21.02704056,21.19617558,21.55951726,22.15457277,22.95858409,23.8832943,24.79696961,25.56318272,26.07977617,26.30487778,26.26302695,26.03066196,25.7063239,25.37701043,25.09433859,24.86928862,24.6844227,24.51477597,24.34620503,24.18383668,24.04913222,23.96170342,23.92845853,23.9388998,23.97062832,24.00098665,24.01813383,24.0257412,24.03896508,24.07392914,24.13689634,24.21948334,24.30328345,24.37212417,24.42618383,24.49048059,24.61207353,24.8492299,25.24155296,25.78606305,26.4393562,27.12236982,27.74005377,28.20663594,28.46785769,28.51211268,28.3669492,28.08385019,27.71881985,27.31667953,26.90372714,26.48909747,26.07166596,25.64808528,25.21824811,24.7878931,24.3678333,23.97436536,23.63280411,23.38222477,23.27880363,23.39396043,23.8048947,24.57780385,25.74713911,27.297094,29.15293758,31.18796506,33.24620131,35.17369862,36.84727316,38.19166608,39.18009915,39.82196173,40.18432457,40.32959674,40.31920849,40.20494469,40.0251783,39.80555413,39.56245591,39.30730548,39.04965873,38.79826458,38.5601036,38.33844915,38.13164668,37.93358062,37.73609038,37.53248865,37.32084219,37.10581242,36.89623319,36.70068629,36.52309664,36.36033417,36.20325043,36.04095516,35.86663508,35.68260208,35.50200829,35.34586207,35.23616405,35.18779863,35.20237438,35.26628333,35.35400154,35.43603647,35.48811452,35.50581826,35.50651664,35.52491729,35.60431923,35.78422382,36.08806971,36.51463677,37.03606316,37.6037763,38.16002662,38.6509997,39.03711829,39.2984487,39.43496327,39.46227087,39.40433945,39.28507861,39.12104202,38.92314564,38.69431474,38.43699826,38.15717549,37.86510645,37.57223852,37.2861264,37.00667742,36.72629429,36.43439164,36.12392293,35.79684559,35.46513274,35.14649506,34.85677385,34.60292955,34.38172903,34.18223672,33.99385066,33.81435721,33.64918625,33.50638449,33.38882885,33.28861553,33.18753483,33.06379225,32.90193871,32.70094042,32.47592649,32.25154096,32.04973515,31.8783795,31.72705143,31.57268288,31.39084178,31.17225349,30.92843883,30.68466423,30.46675792,30.28746329,30.14033375,30.00460418,29.85817092,29.69154546,29.51543345,29.35686318,29.24505617,29.19431493,29.19410013,29.21139147,29.20453696,29.14232831,29.01813346,28.8625007,28.71843021,28.62319757,28.59178815,28.61269003,28.65701789,28.69546983,28.71493677,28.7269382,28.76280523,28.85839919,29.03809146,29.30563643,29.64605563,30.0358637,30.45648887,30.90483136,31.39519913,31.94619605,32.56764706,33.250388,33.96470272,34.66728348,35.3152681,35.88184998,36.36451251,36.78165983,37.1589893,37.51558898,37.8562587,38.1738301,38.45807317,38.70516333,38.9208678,39.11502804,39.29241997,39.44594915,39.56087038,39.62846592,39.65964094,39.6878113,39.75630326,39.89395951,40.09539617,40.31664963
2,26.03493538,25.35206216,24.80830982,24.39724325,24.09636384,23.8847028,23.76188878,23.75615105,23.91611069,24.28961885,24.89852868,25.72149271,26.69533533,27.73594103,28.76645742,29.73612846,30.61824103,31.40195216,32.07303276,32.60321631,32.95928125,33.12066373,33.0964585,32.93176978,32.69918739,32.47839649,32.33136969,32.28323313,32.31845942,32.39664546,32.48230398,32.57472315,32.72288491,33.01655726,33.56837963,34.4277692,35.57153768,36.89373564,38.2292202,39.39923178,40.25980633,40.73713521,40.84069296,40.65131926,40.28817586,39.86646318,39.4626225,39.10019598,38.75897839,38.39934651,37.98913314,37.52138321,37.01979247,36.52657768,36.07857914,35.69595425,35.37945584,35.1179575,34.90066514,34.72718343,34.61041336,34.57123699,34.62866009,34.79099747,35.05285839,35.3992039,35.81413452,36.28975187,36.83014937,37.44986748,38.15852627,38.94631093,39.77975578,40.60027606,41.33403188,41.90851402,42.27011764,42.39588743,42.2949411,41.9999499,41.55359842,40.99622299,40.35872781,39.66184452,38.91960287,38.14398116,37.34816622,36.54941545,35.76930492,35.0366428,34.3940928,33.90405856,33.65123488,33.73733931,34.26600755,35.31866337,36.92648113,39.04689832,41.55533909,44.25971516,46.93694725,49.38000398,51.4384523,53.03925002,54.18129254,54.91147175,55.33470154,55.53123791,55.56218275,55.46660158,55.26870063,54.98921473,54.65415831,54.29673766,53.95134768,53.64298262,53.37786854,53.14108153,52.90368045,52.63659201,52.32529656,51.9788066,51.6297762,51.32329296,51.09178321,50.94394513,50.86109156,50.80646736,50.74264137,50.64902978,50.53195994,50.42261444,50.36319668,50.3870846,50.50200839,50.68398811,50.88447881,51.0471997,51.12813443,51.11133247,51.0135102,50.88584427,50.7862119,50.76412099,50.85023269,51.05223937,51.35668765,51.73403219,52.14464682,52.54496572,52.89290766,53.15302712,53.30143874,53.33015269,53.24934827,53.08528388,52.87249218,52.64210541,52.41126863,52.17655763,51.9216109,51.62881154,51.29087976,50.91680698,50.52872746,50.15113255,49.79850732,49.4685851,49.14475109,48.80615355,48.44058659,48.05289228,47.664555,47.30410236,46.99343585,46.73939217,46.53037883,46.34462616,46.16646643,45.99173117,45.82748496,45.68453246,45.56743359,45.46871544,45.37051112,45.25301451,45.10461794,44.92829995,44.73974515,44.55771585,44.39217219,44.23717167,44.073358,43.87752778,43.64011169,43.3724577,43.10075832,42.85200124,42.6380576,42.44752948,42.25061672,42.01482661,41.72385468,41.39017749,41.05324806,40.76247266,40.55304513,40.42786505,40.35466627,40.27911376,40.14861011,39.93299068,39.65089021,39.34813762,39.07891477,38.88358781,38.77690925,38.75014611,38.78317898,38.85975127,38.97771793,39.14953906,39.3939998,39.72583944,40.14888202,40.65665614,41.23846279,41.8874162,42.6061669,43.40480701,44.2873476,45.24530855,46.25079021,47.25873908,48.21760508,49.08564319,49.8460665,50.51058783,51.10816479,51.66424111,52.18294639,52.64223042,53.00603722,53.24748915,53.37149318,53.41949221,53.45418336,53.52752577,53.6506603,53.79444909,53.90726628,53.94574174,53.90350396,53.82035325,53.76271816,53.78926271,53.9204268
3,18.77876092,18.3427447,17.90881315,17.44463538,16.947258,16.45149265,16.02507855,15.75363663,15.72061147,15.98493431,16.55917594,17.39568819,18.39053262,19.40812491,20.31696371,21.02108251,21.47025039,21.68386834,21.72859004,21.68677489,21.63499942,21.62137141,21.65583483,21.71737181,21.7735686,21.80268387,21.80785204,21.8163988,21.86374258,21.96928631,22.11735758,22.2548002,22.30892577,22.21981564,21.9686751,21.61993545,21.28251976,21.07580419,21.08361099,21.32117552,21.72961935,22.19942599,22.61301813,22.88940239,23.01198405,23.02699665,23.01410821,23.0452142,23.15234651,23.31873038,23.4945499,23.62689383,23.69014848,23.70656343,23.72232589,23.78091429,23.89652231,24.04381492,24.16952257,24.22037536,24.17354173,24.05372412,23.92780732,23.87927865,23.97487349,24.2387008,24.64478579,25.13030802,25.62235848,26.0631308,26.43007244,26.73293656,26.99028244,27.21375593,27.40033213,27.53680011,27.61202876,27.62826276,27.60368782,27.56438265,27.5304273,27.50461531,27.47050516,27.40152058,27.27632335,27.09199274,26.86725141,26.63524383,26.42679155,26.25548522,26.11928128,26.01119477,25.93457616,25.91328936,25.98925906,26.20635851,26.58724011,27.11443809,27.72662884,28.33439601,28.8500538,29.21792114,29.43076289,29.52530757,29.56021269,29.58825601,29.62951647,29.66779354,29.66814698,29.60081679,29.46101989,29.27468723,29.08800746,28.94661744,28.87470445,28.86443897,28.88131277,28.88302803,28.84222158,28.76131564,28.67202698,28.61964701,28.64061523,28.7350019,28.85893566,28.94604752,28.93334525,28.79002059,28.5348581,28.23529529,27.9877423,27.88512581,27.98316028,28.27904874,28.71185169,29.18407725,29.59491177,29.87209893,29.99177634,29.98016671,29.89714885,29.81272191,29.76876033,29.77284592,29.80599201,29.84140081,29.8648802,29.88654262,29.93761658,30.05406531,30.25577582,30.53292447,30.846881,31.1458863,31.38849232,31.56352976,31.69580561,31.83314103,32.02300555,32.27678416,32.56839662,32.84664968,33.06153605,33.1914368,33.2564831,33.30932555,33.40742866,33.58184283,33.81937526,34.06729711,34.25932759,34.35079955,34.34548018,34.2981934,34.29004853,34.39195505,34.62611535,34.95048968,35.29298478,35.58361657,35.78772425,35.91917349,36.02691987,36.16374974,36.35577919,36.58912423,36.81952952,36.99873395,37.10198217,37.14029028,37.15055689,37.17031043,37.21448242,37.26826678,37.30290495,37.30817419,37.3081928,37.3523523,37.48285796,37.69736169,37.93133979,38.07522297,38.02462672,37.7431191,37.30276929,36.87118484,36.63970672,36.72435501,37.08810256,37.52538461,37.72512017,37.36585181,36.36496309,34.87396794,33.24953821,31.92285533,31.24252366,31.35540159,32.16699834,33.3959003,34.70259185,35.83569982,36.72320498,37.46664296,38.25235905,39.23424488,40.44570291,41.78102879,43.05063924,44.0859265,44.86005479,45.46323316,46.04396729,46.72099996,47.51830173,48.35466223,49.09258275,49.6179332,49.90134257,50.00506024,50.03835938,50.09410728,50.2040367,50.33514083,50.42705362,50.44390141,50.40482457,50.37285773,50.39503137,50.46051927,50.49638525,50.40981609,50.15875709,49.805095,49.50550493,49.43971026,49.71545136
4,25.26106683,24.56994968,23.97386066,23.4511418,22.98826259,22.59413025,22.30741013,22.19178402,22.31949308,22.74691153,23.48900867,24.50355189,25.69584607,26.94482511,28.1375873,29.1947787,30.07223405,30.76649398,31.29362763,31.66942188,31.90710876,32.01856376,32.01943871,31.93436986,31.79888373,31.65623927,31.54917202,31.50894901,31.54639227,31.6502171,31.79512422,31.95722828,32.130261,32.33522271,32.62399255,33.04964077,33.64606578,34.40632644,35.27410147,36.15303173,36.93045893,37.50814884,37.83060578,37.90117106,37.77829666,37.55158461,37.30717266,37.09788277,36.93061938,36.77450173,36.58387189,36.32442574,35.9935661,35.62767761,35.27557899,34.97861249,34.75394472,34.59154954,34.46522645,34.35149443,34.24674731,34.1738468,34.17506119,34.29509884,34.56280252,34.98002341,35.52221642,36.14974825,36.82386962,37.51917408,38.22587486,38.94091269,39.65296835,40.33296324,40.93497393,41.40760546,41.71046291,41.82724972,41.76871547,41.56442912,41.24841715,40.84646496,40.37091798,39.82434412,39.20854887,38.53307513,37.81826397,37.09375844,36.39207918,35.744641,35.18829254,34.77410013,34.573956,34.67759659,35.17628921,36.13516015,37.56259999,39.38914964,41.46796203,43.60191909,45.59067476,47.2797841,48.59247612,49.53290316,50.16192328,50.56011855,50.81005848,50.94799758,50.98140691,50.90673404,50.72973919,50.47739095,50.19562013,49.93507622,49.73190067,49.5935121,49.49684583,49.40083156,49.26729066,49.08009893,48.85365152,48.62695896,48.44780981,48.34693872,48.31729473,48.32218745,48.31050589,48.24119952,48.10443167,47.93029118,47.78102484,47.72879586,47.82696074,48.08672402,48.4695824,48.89875617,49.28439289,49.55255783,49.66797393,49.64302926,49.52980306,49.4055723,49.3325929,49.34504105,49.44665009,49.61913582,49.83612517,50.07545985,50.32441347,50.57718279,50.82758042,51.06277432,51.26283109,51.40695201,51.4836201,51.49853866,51.47478845,51.44335318,51.42894856,51.43275597,51.43445759,51.40274027,51.31198254,51.1569724,50.95749326,50.74932636,50.5662246,50.42281582,50.30781057,50.19068898,50.03894842,49.83700113,49.5971264,49.35565406,49.15561725,49.02746832,48.97226728,48.96114627,48.95864099,48.93886916,48.89789185,48.85251276,48.8269137,48.8352271,48.87040225,48.90602785,48.90960316,48.8606769,48.76266624,48.64111552,48.52841849,48.44383143,48.38097494,48.30897072,48.19156125,48.01411658,47.79321605,47.56938934,47.38380816,47.2524732,47.15341645,47.03517349,46.8436557,46.55525323,46.19773926,45.84407936,45.57818559,45.44971853,45.44177827,45.468549,45.40732615,45.1435548,44.66472457,44.05126944,43.45314984,43.03006328,42.88951333,43.04950404,43.4392623,43.93635601,44.4250291,44.84770676,45.22440875,45.63232519,46.15948562,46.85818277,47.71966926,48.68123245,49.66084416,50.60320467,51.51538514,52.44359241,53.43635569,54.50547959,55.60739585,56.65635929,57.56420699,58.28378584,58.82923622,59.2602225,59.64361102,60.01613467,60.36975291,60.66606782,60.87165077,60.98943463,61.06579045,61.16596975,61.3245076,61.52364751,61.70061922,61.78542946,61.74967582,61.6367282,61.54597137,61.58117311,61.79141296
5,26.91827953,26.17898118,25.59672352,25.14935851,24.80581222,24.54654494,24.38093665,24.35035276,24.51446423,24.92612543,25.6045737,26.51921128,27.59425977,28.73370724,29.8524372,30.89572311,31.83575164,32.66293723,33.36509394,33.91608235,34.28527408,34.45484644,34.43615694,34.27539804,34.04499994,33.82394643,33.67414307,33.62227028,33.65600054,33.73847881,33.8359985,33.94607864,34.11203721,34.41584302,34.96266453,35.80095813,36.91302234,38.20361359,39.51957022,40.69065783,41.574691,42.09239704,42.2429385,42.09620327,41.76388396,41.35929502,40.96177167,40.59947603,40.25509229,39.88835519,39.46351117,38.96958156,38.42907411,37.88865757,37.39246193,36.96796215,36.61990968,36.33609641,36.10054801,35.90683189,35.76496358,35.69887911,35.73647599,35.8976464,36.18643646,36.59054581,37.08787805,37.65654347,38.28302273,38.96549534,39.70517574,40.49446565,41.30889463,42.10255494,42.81375048,43.37822093,43.74507278,43.88874694,43.81207621,43.5400852,43.10865151,42.55370571,41.90496337,41.18501825,40.41183766,39.6018612,38.77165959,37.93993428,37.12770315,36.36304374,35.68955342,35.17330975,34.9048137,34.9912709,35.53795986,36.62112739,38.25913946,40.39148178,42.87591048,45.50945578,48.06979665,50.36303685,52.26055693,53.71298908,54.738032,55.39215361,55.77459352,55.95420358,55.97931943,55.88039701,55.67980917,55.40223279,55.07972644,54.74923587,54.44375988,54.18181764,53.96083731,53.75888071,53.54487317,53.29304304,52.99554032,52.66773433,52.34512194,52.06986548,51.86765564,51.74071908,51.66767247,51.61477749,51.55272884,51.47136585,51.38575862,51.33060151,51.344548,51.45113467,51.6449885,51.88985488,52.12935464,52.30587085,52.38066321,52.34773842,52.2352982,52.10257717,52.00854609,51.99704098,52.08841589,52.27934031,52.54907118,52.86773317,53.20299825,53.52375912,53.80108744,54.00883285,54.12601464,54.14146006,54.05897869,53.89910528,53.69434789,53.47807235,53.27232799,53.07584741,52.87022005,52.63127526,52.34328116,52.00894923,51.64960733,51.29498104,50.96805913,50.67360923,50.3966231,50.11107397,49.79491965,49.44335972,49.07349587,48.71742773,48.40694831,48.16035527,47.97288368,47.82064162,47.67958304,47.53525213,47.38798471,47.2488662,47.12925809,47.03107384,46.94331742,46.84724855,46.72661601,46.57729715,46.40981535,46.24279359,46.09069835,45.95336473,45.81408924,45.64627832,45.43157934,45.17296952,44.89363685,44.625335,44.39059652,44.18908219,43.99693453,43.77947504,43.5114353,43.19426809,42.86027916,42.55914517,42.3324032,42.19032533,42.10333027,42.01275043,41.85676095,41.59685679,41.25484185,40.8906532,40.57916097,40.37843184,40.30912596,40.3528754,40.46816255,40.61508726,40.77707549,40.96846493,41.22443645,41.58061943,42.0539028,42.63434513,43.29157587,43.99187592,44.71786307,45.48013322,46.30686836,47.22063838,48.21751774,49.25822772,50.27627638,51.20267145,51.99556387,52.65715405,53.2270043,53.7537283,54.26378397,54.74392624,55.14814117,55.42616007,55.55887236,55.57723478,55.55302363,55.56441033,55.64918206,55.79461785,55.95096754,56.06516553,56.11750855,56.13872499,56.19171693,56.33194725,56.56928222
6,12.94547406,12.59498096,12.27480528,11.95413318,11.6199848,11.28706888,10.99783394,10.81284438,10.79511062,10.99144082,11.41427415,12.03041309,12.76421491,13.51681147,14.19321371,14.72520344,15.07767033,15.26344512,15.3261387,15.31821263,15.28787968,15.26606758,15.26175301,15.26711899,15.26907602,15.261169,15.25007659,15.25344078,15.28973902,15.36527795,15.46580745,15.55838168,15.60411144,15.57708485,15.47994541,15.35985868,15.28322755,15.31304312,15.48265863,15.78026242,16.15102689,16.51597809,16.80041223,16.9609813,17.00007309,16.96073986,16.90473388,16.88493849,16.92555279,17.01806578,17.13269146,17.23798246,17.31933545,17.3889157,17.47180903,17.58888421,17.74146518,17.90674847,18.04660206,18.12559009,18.12939175,18.07409001,18.00152612,17.96308516,18.00017518,18.13058207,18.34624246,18.62224913,18.93144348,19.25673663,19.59409906,19.94488813,20.30349206,20.64963765,20.95038841,21.17132156,21.29131034,21.31278114,21.26133949,21.17461512,21.08600326,21.01152197,20.94599708,20.86999479,20.76334298,20.6178371,20.44228729,20.25856216,20.09000733,19.94946649,19.83991481,19.76237467,19.72755681,19.76352569,19.91308489,20.21970559,20.7070275,21.36130063,22.12629424,22.91536083,23.63706654,24.22327083,24.64705562,24.92322454,25.09248543,25.19868028,25.27114342,25.31038548,25.30124109,25.22943927,25.0965997,24.92560183,24.75380618,24.61794668,24.53817116,24.50945547,24.50522132,24.49188407,24.44697366,24.37144907,24.28992093,24.23834355,24.24583164,24.31188873,24.39974898,24.45368834,24.42050605,24.27377393,24.02875716,23.74189839,23.49448884,23.36558379,23.40392403,23.61024618,23.93761789,24.30910048,24.64457233,24.88591992,25.01211195,25.04005715,25.01179682,24.97815572,24.97162836,25.0029856,25.06716565,25.15528079,25.26612791,25.41080361,25.60770938,25.87097285,26.19868442,26.56799913,26.94024039,27.27425747,27.54260547,27.74288834,27.89810494,28.04471502,28.21500218,28.41569508,28.62829794,28.82022688,28.96293737,29.0484498,29.09519266,29.13913057,29.21455232,29.33509788,29.48534668,29.62738418,29.71973665,29.73973461,29.69804164,29.63659813,29.61008328,29.66260611,29.80537352,30.01039957,30.23434464,30.4372597,30.59994437,30.72843826,30.84397292,30.96568973,31.09679456,31.22242469,31.31949059,31.37236885,31.38397265,31.37463781,31.3688947,31.37862838,31.3942544,31.38937409,31.3439077,31.26669497,31.19821845,31.19303929,31.28724612,31.46943634,31.67367278,31.80185407,31.76939009,31.55499331,31.2271926,30.92593746,30.80044285,30.9317664,31.27867098,31.67424622,31.88058821,31.6622839,30.9694367,29.92358033,28.79078405,27.88291276,27.44429908,27.5702789,28.18634543,29.09376564,30.06250288,30.92900763,31.65185979,32.30196479,33.00042859,33.8420256,34.84153582,35.92704333,36.97992706,37.90260045,38.68779424,39.39525828,40.10961566,40.88586841,41.71549542,42.53067934,43.24429,43.80121522,44.20843489,44.52512562,44.82291755,45.14283574,45.47507182,45.77166963,45.98515515,46.10632218,46.17525371,46.25780057,46.3904376,46.55381235,46.68123907,46.7027627,46.60377969,46.45804346,46.40375569,46.57374596,47.01929523
7,27.34248257,26.56782547,25.94383502,25.43310273,25.00159894,24.64084069,24.38087729,24.28569379,24.4324308,24.88149906,25.64774227,26.68529482,27.89640587,29.162308,30.37965274,31.48309526,32.44147173,33.25213213,33.91642591,34.42429892,34.76038271,34.91666277,34.90576487,34.76671622,34.55988491,34.35293759,34.20274839,34.14005393,34.1638478,34.24944193,34.3679209,34.50830163,34.69215147,34.9732422,35.43061175,36.11163078,37.01987528,38.09976046,39.24328162,40.31523082,41.18681351,41.76739756,42.02605038,41.99647695,41.76228206,41.42637247,41.07607568,40.75825348,40.47341265,40.18862428,39.86165677,39.46479944,39.00156711,38.51010359,38.03790363,37.62469165,37.28895158,37.02638027,36.81957815,36.65333678,36.52772291,36.46231903,36.48988019,36.64282226,36.93944223,37.37633677,37.93017428,38.56773267,39.25886949,39.98626472,40.74438082,41.52946514,42.32610778,43.09794845,43.78912209,44.33646202,44.68756201,44.81630515,44.72844318,44.45509242,44.03835287,43.51640337,42.91459109,42.24511167,41.51342238,40.72670528,39.89965291,39.05693454,38.23155755,37.46172837,36.79587238,36.2985425,36.05416864,36.16255064,36.72264778,37.80562164,39.42406382,41.50888857,43.90647329,46.40308935,48.77212981,50.82737056,52.4616088,53.65714814,54.46587881,54.97263604,55.28070936,55.44616202,55.49168802,55.42008528,55.23491226,54.95656722,54.62592454,54.29464973,54.00721481,53.78391852,53.61366499,53.4610501,53.28483771,53.05861478,52.78419377,52.49159811,52.22772848,52.0330625,51.9166126,51.85727519,51.81371844,51.74547216,51.63402025,51.49425585,51.37120078,51.32259498,51.39408299,51.59772788,51.90371387,52.24879747,52.55746241,52.76676716,52.84615224,52.80541733,52.68833191,52.56103387,52.47852214,52.47397667,52.55638397,52.71602864,52.93382416,53.1890813,53.46273086,53.7363058,53.98918529,54.19783611,54.33922661,54.39772684,54.37250352,54.28067257,54.1528365,54.02133544,53.90723774,53.80692272,53.69882691,53.55499649,53.35609036,53.10243954,52.81503956,52.52546433,52.25991673,52.02626656,51.81103525,51.58739829,51.33060182,51.03269308,50.70926689,50.39390408,50.12272643,49.91958373,49.78370972,49.69085049,49.61300005,49.52990722,49.43737763,49.34566718,49.26963821,49.21685241,49.18059412,49.14185003,49.07872579,48.97802831,48.84227788,48.68758671,48.53345643,48.39059629,48.25426844,48.10628487,47.92764059,47.71326067,47.47558065,47.23786185,47.01972125,46.82332665,46.62943919,46.40638181,46.12816168,45.79313673,45.43157244,45.09607819,44.83688786,44.67522972,44.58797835,44.51219774,44.36931905,44.09453331,43.69116814,43.2177523,42.76980174,42.44310842,42.29986982,42.35078377,42.55820236,42.85797671,43.19052952,43.52724431,43.87910573,44.28554125,44.79045586,45.4194081,46.16742581,47.00335301,47.88762064,48.79439861,49.7258121,50.70056476,51.73305814,52.81341908,53.89982442,54.92932249,55.84335759,56.61303034,57.24831157,57.78490802,58.25890412,58.68496019,59.05146484,59.33463399,59.52312959,59.63513433,59.71645807,59.81710588,59.95645458,60.11352616,60.23901615,60.28741519,60.25274768,60.18476824,60.16915664,60.28367871,60.5538154
8,24.3221618,23.62484958,23.08652954,22.66866533,22.33188642,22.05764122,21.862395,21.79545774,21.92116113,22.29225569,22.92399033,23.78016808,24.78004197,25.82445877,26.82699802,27.73323095,28.51735016,29.17688814,29.71187519,30.11240652,30.36485441,30.46376981,30.42352407,30.28233045,30.09589524,29.92299607,29.80830303,29.76950356,29.79530104,29.85697531,29.92960851,30.01321544,30.14355301,30.38636165,30.82585742,31.50148191,32.40082576,33.44957836,34.52563977,35.49041938,36.22464831,36.65765724,36.78255585,36.65310662,36.36245434,36.01053831,35.67279927,35.38256709,35.13242935,34.89085688,34.62497344,34.31921923,33.98478399,33.65408509,33.36013277,33.12323992,32.94440496,32.80910862,32.69852009,32.60195163,32.52433856,32.48511718,32.50958787,32.61771015,32.81634857,33.09878673,33.45136107,33.86346098,34.33496706,34.87832083,35.50557978,36.21224146,36.96955458,37.72076783,38.39060705,38.90403047,39.20726968,39.28222018,39.14787242,38.84886722,38.43722676,37.95570919,37.42903719,36.86487448,36.26187963,35.61960702,34.9452635,34.25637105,33.57949617,32.9468978,32.40041194,31.99667381,31.81074614,31.93274725,32.45412179,33.44421999,34.92293039,36.83914347,39.06594756,41.41911328,43.69592264,45.72076245,47.38019962,48.63570101,49.51072179,50.06274896,50.38246578,50.52903845,50.54066146,50.43985625,50.2447641,49.97901388,49.67483059,49.36829559,49.08938851,48.85228343,48.65114735,48.46445064,48.26623058,48.03900884,47.78254873,47.51466019,47.2650216,47.06098728,46.91088602,46.80356351,46.71293829,46.61043298,46.47884493,46.321617,46.16361492,46.04280319,45.99554735,46.04153283,46.17477667,46.36436215,46.56418222,46.72747707,46.82118661,46.83554283,46.7851732,46.70966779,46.65297684,46.65367651,46.73832851,46.91853529,47.19113602,47.53997201,47.93829559,48.35197388,48.74350798,49.07699852,49.32376454,49.46776954,49.50945675,49.46578791,49.36489757,49.23618485,49.0998587,48.95940834,48.80404247,48.61815938,48.39189071,48.12840355,47.84407147,47.56102201,47.29610891,47.05253908,46.81870516,46.57468569,46.30349514,46.00128598,45.68149999,45.37035318,45.09565812,44.87667683,44.71543083,44.59636789,44.50011071,44.40996456,44.31721914,44.22105881,44.12415273,44.02749685,43.92781317,43.81909199,43.69661844,43.56067372,43.41662291,43.27097223,43.1257183,42.97499022,42.80694638,42.60981287,42.38353907,42.14269103,41.9110049,41.70995975,41.54637175,41.40652334,41.26086984,41.07790086,40.84083284,40.55917684,40.26797732,40.01323901,39.82958653,39.72269839,39.66482438,39.6058387,39.49485009,39.30035695,39.03845064,38.75433734,38.50497345,38.33562146,38.26523091,38.28605557,38.37524881,38.51161156,38.68829367,38.91528175,39.21148594,39.59284248,40.06289514,40.61103486,41.21836106,41.86845934,42.55736847,43.2962967,44.09937948,44.97001041,45.89021582,46.82005259,47.70839567,48.51217875,49.21451971,49.82956423,50.38973108,50.92172237,51.42638541,51.8746866,52.2238697,52.44653397,52.55652164,52.61211355,52.69388478,52.85843959,53.10186802,53.36451456,53.55837985,53.61490041,53.52828916,53.36756881,53.24336455,53.25137777,53.42341932
9,23.10778464,22.45748956,21.92691237,21.47517441,21.07236852,20.71767373,20.4466508,20.32307367,20.41856691,20.78643998,21.437559,22.32813764,23.36787451,24.44687641,25.46781567,26.36691276,27.1124134,27.70530268,28.15859071,28.48148041,28.68025237,28.76252476,28.7435011,28.64973127,28.51804219,28.38948407,28.29998413,28.27091188,28.30379981,28.38268472,28.48437082,28.59279242,28.71148176,28.86845071,29.11635687,29.50118672,30.04696579,30.73911684,31.52025946,32.30089864,32.98105185,33.47628672,33.7408462,33.78024432,33.64739751,33.42210952,33.18172717,32.97571999,32.81446868,32.67527591,32.52090761,32.3212967,32.07077354,31.79489169,31.53063719,31.31013316,31.1467743,31.03214027,30.94438446,30.86334937,30.78474844,30.72597161,30.72084538,30.80608012,31.00648811,31.3259264,31.74782207,32.24436176,32.789119,33.36681651,33.97274878,34.60355805,35.24517454,35.86487039,36.41379585,36.83929871,37.10171335,37.18736396,37.11113089,36.9075146,36.61516955,36.26275412,35.86229993,35.41210815,34.90626889,34.34496722,33.74016439,33.11551516,32.50206014,31.93122358,31.43837028,31.06909706,30.88497359,30.96232566,31.37988612,32.19603691,33.42214385,35.00275082,36.8137295,38.68395591,40.43564388,41.92825629,43.08837448,43.91492188,44.45933357,44.79343388,44.99335641,45.09425366,45.10468513,45.02168018,44.84907172,44.60906658,44.34126266,44.09057768,43.89020741,43.74847104,43.64654492,43.54898399,43.42213221,43.25116056,43.04772685,42.84477053,42.68225982,42.58433296,42.54181238,42.52004665,42.47317879,42.36624243,42.19353505,41.9854456,41.8004093,41.70424383,41.74444638,41.93019712,42.22695607,42.56777626,42.87592147,43.08968065,43.18064019,43.15973265,43.06912938,42.96934733,42.90779097,42.90998909,42.97971611,43.10679315,43.2777517,43.48336556,43.71960999,43.98275987,44.26240799,44.53766957,44.77968181,44.96031801,45.06349902,45.09339508,45.07418099,45.03992512,45.01992729,45.02083253,45.02712013,45.01067037,44.94625842,44.82580526,44.66376284,44.49022444,44.33519804,44.21291297,44.11471288,44.0140179,43.88118304,43.70063499,43.4818437,43.25725911,43.0677661,42.94524598,42.89601652,42.89705083,42.91550476,42.92278464,42.9070345,42.87539721,42.84529949,42.83070263,42.83172537,42.83357568,42.81493601,42.76095282,42.67265063,42.56659434,42.4646019,42.379368,42.30570218,42.22141609,42.1022545,41.94125426,41.7550194,41.57653889,41.435863,41.33974256,41.26291096,41.1573945,40.97688138,40.70558319,40.37543108,40.05878785,39.83603886,39.75368859,39.7937282,39.87045723,39.85949561,39.63892056,39.18429823,38.5633808,37.91899451,37.41482793,37.17512316,37.24318362,37.57278676,38.05494544,38.56970611,39.03980866,39.45949022,39.88560672,40.39930245,41.05995243,41.87332187,42.78816956,43.7217485,44.60346156,45.42138556,46.21188119,47.03182098,47.91994703,48.8691657,49.82383787,50.70449809,51.44551951,52.02376315,52.46102589,52.80371613,53.09436019,53.35299384,53.57636648,53.7532305,53.88260864,53.98128885,54.07490139,54.17414658,54.26338959,54.30824409,54.27991527,54.18383401,54.07187995,54.02425122,54.11080177,54.35198195
10,23.6750926,22.98594816,22.41722725,21.92906598,21.49370799,21.11235685,20.82194728,20.68754889,20.78311949,21.16594457,21.85169331,22.79992773,23.91946178,25.09377027,26.2140716,27.20353213,28.01905515,28.65741858,29.13569276,29.47221163,29.68346151,29.78334795,29.78648365,29.71267562,29.58988695,29.45358047,29.34141449,29.28434121,29.29752178,29.37603804,29.49904972,29.64197573,29.79201232,29.9601405,30.18821749,30.52813972,31.0210805,31.67434823,32.44792643,33.25805394,33.99714971,34.56388848,34.89386588,34.97981487,34.87209855,34.65724837,34.42314755,34.22672125,34.07824398,33.94737159,33.7859874,33.55588131,33.25130522,32.90839257,32.57788143,32.30348278,32.10305974,31.96437807,31.85648348,31.75046924,31.63902976,31.54480525,31.51352988,31.59555758,31.8252215,32.2075266,32.71768575,33.3127966,33.94929604,34.59703848,35.24383085,35.88752856,36.52028653,37.11876137,37.64431244,38.05341974,38.31288865,38.41153251,38.36191411,38.19153642,37.92888665,37.59211946,37.18586874,36.70693035,36.15459373,35.53912002,34.88345459,34.21952612,33.57929953,32.98973561,32.47964346,32.08970071,31.8807082,31.93224943,32.32771656,33.12790028,34.34168434,35.90624044,37.68806132,39.50916291,41.19131069,42.60102565,43.67722624,44.43185928,44.92551544,45.23251965,45.42232616,45.52097195,45.52868041,45.43809611,45.25345848,45.00046319,44.72248792,44.46606204,44.26287502,44.11760168,44.00788468,43.89704925,43.75344053,43.5668206,43.35402743,43.15149161,42.9995304,42.91845297,42.89271625,42.88153078,42.83517844,42.71858347,42.53008136,42.30746189,42.11806122,42.03545732,42.11090429,42.35124676,42.71327255,43.11699767,43.47209809,43.70695103,43.79028098,43.73819357,43.60400389,43.46113486,43.36415601,43.33812622,43.37982604,43.46981542,43.58837336,43.72688195,43.8890167,44.08245236,44.30643703,44.54352095,44.76115013,44.92319037,45.00653028,45.0138518,44.97481369,44.93320726,44.92744639,44.96371612,45.01810555,45.04902546,45.01900946,44.91522138,44.75735733,44.58798184,44.45004737,44.36417848,44.31798535,44.27276326,44.18444152,44.02842899,43.81558994,43.58979888,43.40728153,43.31151239,43.30964453,43.36805828,43.43991609,43.48621196,43.49391283,43.47849209,43.47008674,43.49233597,43.54645732,43.60965632,43.64797047,43.6361288,43.57253894,43.47973701,43.38967814,43.32266967,43.27358694,43.21273679,43.10671793,42.94636461,42.75581008,42.58214709,42.46757976,42.42024993,42.40147804,42.33910231,42.16309238,41.84765164,41.43627774,41.03098331,40.74562531,40.64583938,40.70571907,40.80372355,40.76470158,40.4190539,39.73833004,38.82396152,37.88085702,37.13922553,36.77067936,36.83282955,37.2602309,37.902724,38.59573922,39.23133248,39.79492253,40.35260136,41.00065976,41.80824731,42.78035787,43.85735731,44.94845681,45.98229477,46.95335684,47.90173827,48.87705048,49.89735731,50.92873099,51.89734726,52.72870997,53.38900016,53.90186958,54.32876736,54.72749255,55.11528437,55.45926009,55.70031015,55.79786302,55.76533264,55.67268769,55.61115353,55.62796604,55.70055937,55.74815838,55.68197187,55.47064773,55.18000185,54.9535934,54.94481856,55.23827495
11,14.72023648,14.31439252,13.94717904,13.57288331,13.17287609,12.76784531,12.41492452,12.19170914,12.17402283,12.41274629,12.91417233,13.63075583,14.46928064,15.31596691,16.06757365,16.65477811,17.04576571,17.25870466,17.34081467,17.34562494,17.32107828,17.29789744,17.28588542,17.27908606,17.26670306,17.24431951,17.22005032,17.21248404,17.24088556,17.31239464,17.41346426,17.5112576,17.56603348,17.55013263,17.46414098,17.3539858,17.28639214,17.32594974,17.50785453,17.82093137,18.20878125,18.58882839,18.88221165,19.04302125,19.07437523,19.02353977,18.95838389,18.93709324,18.98582379,19.09347437,19.22389853,19.33781669,19.41432387,19.4648706,19.51800848,19.60074252,19.72051936,19.8585044,19.97768538,20.04181601,20.03562998,19.97564288,19.90579721,19.88010688,19.94119947,20.10496783,20.35798803,20.66791337,21.00072161,21.33540044,21.66944282,22.00992267,22.35776365,22.6976032,22.99797166,23.22238479,23.34561715,23.36620768,23.30792595,23.20912122,23.10559879,23.01579216,22.93541401,22.84381056,22.71814229,22.54759222,22.33998203,22.11864782,21.91121369,21.73550006,21.5989067,21.5051972,21.46567856,21.50701169,21.66921977,21.99233782,22.49663924,23.16566255,23.94162378,24.73778774,25.46407409,26.054622,26.48479436,26.77062452,26.95222062,27.07074031,27.15194226,27.19358555,27.17982358,27.09814595,26.95348921,26.77192481,26.59224005,26.4501082,26.36274091,26.32207945,26.30041088,26.26597583,26.20051842,26.10953426,26.01999986,25.96647646,25.97303917,26.03278538,26.10569842,26.13798265,26.08338259,25.92453193,25.68353984,25.41773199,25.20193772,25.10337702,25.15821724,25.35932367,25.66010547,25.99208029,26.28796885,26.50130127,26.61656699,26.64796088,26.62809502,26.59633795,26.57856472,26.58576432,26.61896683,26.67753085,26.76611794,26.89620786,27.08101014,27.32671793,27.62500376,27.95152932,28.27199228,28.55361841,28.77755789,28.94631901,29.08201938,29.21511611,29.36941205,29.54536198,29.72266331,29.87106415,29.96669054,30.00611755,30.01024908,30.01492637,30.05268774,30.13544112,30.2473194,30.35152444,30.40850353,30.39705607,30.32790859,30.24154919,30.1903792,30.21642274,30.32963256,30.50174074,30.68929086,30.85209407,30.97074553,31.05167347,31.11776737,31.1911141,31.27849844,31.3680316,31.43781483,31.47119323,31.4685544,31.44774212,31.43221629,31.43428974,31.44499853,31.43650823,31.38320931,31.2856366,31.17642985,31.10754839,31.12107683,31.219869,31.35594095,31.44589666,31.40989561,31.21780617,30.91749273,30.62426505,30.46966374,30.53311808,30.78970232,31.10077673,31.25731939,31.04424727,30.40603189,29.44231497,28.38724683,27.52261234,27.07520865,27.14077129,27.66039895,28.45691013,29.3176217,30.08662171,30.72089436,31.28501555,31.894254,32.64128969,33.54263916,34.52905546,35.48190508,36.29968009,36.9712367,37.55770288,38.15245687,38.82475251,39.57961826,40.35446721,41.05392044,41.60240312,41.98292335,42.23874675,42.44192272,42.65077175,42.88171517,43.10917932,43.29269355,43.41158741,43.48278613,43.55069915,43.64541635,43.75596127,43.83183358,43.8150475,43.68876948,43.51000539,43.39697866,43.47533563,43.81169591
12,12.13504266,11.82453766,11.5535592,11.28369146,10.99545761,10.69937539,10.43560171,10.26263485,10.24000318,10.40934918,10.77798101,11.31071205,11.9357378,12.56429137,13.11559567,13.53609319,13.80320849,13.93528825,13.97367336,13.96329958,13.94187404,13.9304887,13.93201369,13.93731623,13.93563515,13.92400488,13.91122355,13.91432738,13.94882086,14.01750615,14.10435429,14.17777054,14.20303616,14.15936255,14.05315443,13.93053294,13.85288758,13.87601055,14.02686287,14.29092264,14.61573241,14.92909408,15.16502834,15.28769322,15.30326979,15.25406374,15.19760475,15.18128,15.22466929,15.3166886,15.42695902,15.52446262,15.59499009,15.65078893,15.71693616,15.81514358,15.94897427,16.09897828,16.23037893,16.30960065,16.32153135,16.2786702,16.21745816,16.18368081,16.21443846,16.32521729,16.50747164,16.73679651,16.98673523,17.24068994,17.49647217,17.75957455,18.03098565,18.29903192,18.53928783,18.7230581,18.83000714,18.85797044,18.82424059,18.75757546,18.68518167,18.62154133,18.5644917,18.50009977,18.41324366,18.29787033,18.16119561,18.02058083,17.89368353,17.78890904,17.70599399,17.64287639,17.60600815,17.61749854,17.71362346,17.9334331,18.30147484,18.81239435,19.42544106,20.07307231,20.68111973,21.19162297,21.57799865,21.84639667,22.02376316,22.13998614,22.21610484,22.25206683,22.23763695,22.16512761,22.04030602,21.88538313,21.73248213,21.61108915,21.53562317,21.49965441,21.48020162,21.45039478,21.39421243,21.31555814,21.23702051,21.18852789,21.19190742,21.24250883,21.3059842,21.33432978,21.28453782,21.13835851,20.91316995,20.65957086,20.4461885,20.33656994,20.36661603,20.531748,20.78943723,21.07560367,21.3272289,21.50198271,21.58827879,21.60330623,21.58089606,21.55715685,21.55177061,21.56828314,21.60146284,21.64808278,21.71504489,21.81999584,21.98350159,22.21687578,22.51225823,22.84089279,23.16130166,23.43423954,23.63828094,23.77869252,23.88450502,23.99417711,24.1375435,24.31493537,24.50222572,24.66361374,24.77079324,24.81884405,24.83026044,24.8440618,24.89540559,24.99676166,25.13067188,25.2577169,25.33635012,25.34521898,25.29673701,25.23377086,25.2101547,25.26729556,25.41240031,25.61404406,25.82703596,26.01191429,26.15230095,26.25850913,26.35620398,26.4675748,26.59653082,26.72621774,26.82968306,26.8871047,26.89898077,26.88657922,26.87889457,26.89420742,26.92831805,26.95635315,26.95245211,26.9148118,26.87260912,26.87353555,26.95502179,27.11531566,27.30271558,27.43204103,27.42447677,27.25417746,26.97583893,26.71227562,26.60049638,26.72064848,27.04220389,27.41516297,27.61622594,27.41605092,26.75571856,25.74049938,24.61907177,23.69260921,23.20699662,23.27208986,23.83442888,24.71184568,25.67761448,26.55765744,27.29329499,27.94087477,28.61631488,29.41976646,30.37790287,31.43005278,32.46116448,33.36626019,34.12474524,34.78640985,35.43462792,36.13249894,36.88437735,37.6327715,38.29191185,38.79773751,39.14329701,39.37759741,39.57330367,39.78523365,40.02465984,40.26208406,40.45617607,40.58789505,40.67563337,40.76165281,40.86885998,40.97622628,41.02460623,40.95477553,40.76022218,40.51882429,40.37300311,40.46597872,40.86816604
13,20.7307967,20.13430457,19.70757375,19.40325829,19.1678858,18.96751495,18.80620588,18.72627594,18.79081415,19.05619372,19.54497918,20.2306454,21.04304922,21.89334763,22.70449821,23.43056262,24.05428294,24.5798768,25.01049534,25.33541361,25.53571486,25.59806309,25.52964138,25.3650925,25.16103577,24.97991956,24.86926462,24.84513817,24.88852212,24.95862667,25.01864996,25.06215052,25.12718526,25.29036386,25.65229442,26.26660598,27.12636333,28.15285134,29.21243963,30.15365052,30.84883846,31.22678212,31.28752721,31.09586765,30.75548394,30.37291399,30.02571554,29.74712794,29.53077152,29.34942107,29.17699643,29.00414802,28.8428588,28.71469487,28.63599398,28.60768322,28.61440309,28.63259669,28.64256577,28.63811095,28.62870763,28.63311758,28.6682694,28.73988779,28.84067909,28.9575736,29.08487213,29.23629144,29.44846165,29.77576071,30.26264724,30.91501644,31.695165,32.52075483,33.28282938,33.87489785,34.2229842,34.304776,34.15026463,33.82467546,33.40225347,32.94226632,32.47586237,32.00671347,31.52246599,31.00996471,30.46675849,29.90544126,29.35133677,28.83402519,28.38728298,28.05356579,27.8911769,27.97789448,28.40511316,29.25963306,30.59589631,32.40743104,34.60978601,37.04556448,39.51371674,41.81363283,43.78734158,45.34515671,46.46636688,47.18030934,47.58144169,47.74864085,47.74860532,47.62968326,47.42466019,47.15821163,46.85363044,46.53552097,46.22738282,45.9462747,45.69806909,45.47648964,45.267146,45.05464577,44.82957105,44.59209171,44.35146612,44.12069625,43.90759576,43.71135206,43.52266256,43.32851198,43.11919042,42.89449018,42.66635389,42.45683186,42.29175471,42.19252409,42.16920586,42.21733959,42.31895319,42.44685383,42.57081413,42.66468639,42.71175787,42.71674741,42.70333552,42.71069765,42.7868591,42.97764041,43.31377029,43.79938741,44.40636622,45.07809592,45.74210659,46.3275331,46.78144915,47.07919835,47.22653186,47.2529745,47.19849363,47.09812308,46.9700587,46.81504421,46.62206785,46.38173295,46.09565339,45.77905328,45.45499193,45.14337247,44.85112127,44.56924095,44.27850049,43.96052674,43.60920216,43.23594148,42.86616285,42.52819569,42.24058482,42.00601178,41.81083756,41.63486877,41.46572012,41.30183526,41.14983082,41.01624839,40.89920575,40.78547511,40.65511354,40.49137601,40.29013758,40.06347419,39.83410613,39.622843,39.43620067,39.26137974,39.07238343,38.84288488,38.56656513,38.26267434,37.96666421,37.71286379,37.51642373,37.36516796,37.22637556,37.06485194,36.86326764,36.63443391,36.41762431,36.25938338,36.18778103,36.19481596,36.235777,36.24616506,36.16931489,35.97899647,35.70939251,35.42342334,35.18929369,35.05289708,35.02409285,35.08080324,35.18648091,35.3116428,35.44929569,35.61653708,35.8426041,36.15203755,36.55201196,37.03075537,37.56598136,38.13917873,38.74798798,39.40931455,40.14429946,40.96254474,41.84943546,42.76461768,43.65256638,44.46320625,45.1730242,45.79350236,46.3611589,46.91379992,47.46706809,48.00360028,48.48064805,48.8529274,49.09971959,49.23889971,49.31815141,49.39172311,49.48633293,49.59460318,49.68771831,49.73966646,49.75025705,49.75186798,49.79210753,49.90553773,50.09089126
14,18.29417561,17.77650329,17.34470208,16.94786447,16.55745591,16.18235541,15.8695556,15.69040775,15.71860356,16.00604164,16.56205161,17.34331553,18.26135484,19.20676808,20.07911945,20.80865696,21.35837651,21.73389728,21.9657673,22.09066735,22.14442927,22.15472816,22.13844185,22.10406244,22.05742401,22.00758706,21.96947803,21.96125531,21.99705797,22.07869441,22.19150456,22.30796688,22.39903444,22.44930108,22.46976322,22.50456802,22.61018202,22.83404126,23.19188006,23.65577559,24.15861554,24.61410938,24.94571843,25.11375746,25.12892536,25.045093,24.9341907,24.85549954,24.83396202,24.85633057,24.88496428,24.88101566,24.82697747,24.74115217,24.65976435,24.61739418,24.6276019,24.67539283,24.72520209,24.74045183,24.70484937,24.63437682,24.57367021,24.57860858,24.69390115,24.93624126,25.2903015,25.7184536,26.17868145,26.64090658,27.09502358,27.54445624,27.98968321,28.41681408,28.79575576,29.08948029,29.26949736,29.32882746,29.28493643,29.17099,29.02023139,28.85190651,28.66565706,28.44677215,28.178846,27.85652427,27.491417,27.10947614,26.74147049,26.41097199,26.13560964,25.93433929,25.83716608,25.88970071,26.14665572,26.65387213,27.42506592,28.42389198,29.56183533,30.71657711,31.76548861,32.62040503,33.24838954,33.67038347,33.9399181,34.11384325,34.23218887,34.29850877,34.29710799,34.21323402,34.0509915,33.83949616,33.62441856,33.44984626,33.33944633,33.28675537,33.25996355,33.2193794,33.13870449,33.01913852,32.88930712,32.79099572,32.75857711,32.79393057,32.85941827,32.8976655,32.85479058,32.70567978,32.46836204,32.20165896,31.98667675,31.89848,31.97855537,32.21946685,32.56814285,32.94538833,33.27276947,33.49628286,33.59946042,33.60276027,33.55045497,33.49482964,33.47017523,33.48986041,33.55131887,33.64627521,33.77060556,33.92876427,34.13044054,34.38206019,34.67808878,34.99777883,35.30952005,35.58143884,35.79389101,35.94788925,36.06448754,36.17433127,36.30266392,36.45217159,36.60429164,36.72939738,36.80283698,36.81923192,36.79715516,36.77064391,36.77166682,36.81301491,36.88107944,36.94206856,36.95940732,36.91394717,36.81693764,36.70757955,36.63563526,36.63993923,36.72787991,36.87057993,37.02602457,37.15729886,37.24915469,37.3116474,37.36928197,37.44300373,37.53555324,37.62894053,37.69486718,37.71232662,37.68140518,37.62454541,37.5735661,37.5502618,37.55266661,37.55432518,37.52150651,37.44058985,37.32911248,37.22845158,37.17941144,37.19451982,37.24401005,37.26476368,37.19071697,36.99241402,36.70408528,36.4181341,36.24289826,36.24412376,36.40046499,36.59644083,36.65989154,36.41659687,35.82800438,34.98735351,34.10062653,33.40945808,33.1007664,33.24199686,33.76559836,34.50657149,35.2779176,35.95036113,36.49819111,36.99057793,37.53824403,38.22748726,39.07320563,40.012534,40.93943443,41.76442006,42.47830408,43.13590352,43.81909575,44.58571777,45.43360933,46.29804542,47.08439709,47.71729376,48.17677703,48.50022765,48.75412917,48.99542558,49.24595229,49.49110744,49.70101602,49.85784792,49.96957351,50.06307064,50.15495544,50.23471832,50.27137471,50.24088998,50.1584712,50.09137263,50.13370543,50.35719059,50.76438987
15,26.25231114,25.49157412,24.92389565,24.48792889,24.12772303,23.82035662,23.5902589,23.50152893,23.63248635,24.04271482,24.74427803,25.68947843,26.7832729,27.91597499,28.99831455,29.97996771,30.84199041,31.5853241,32.20599728,32.68391094,32.99327279,33.12023829,33.07866483,32.91464234,32.69706576,32.49827342,32.37218902,32.33879018,32.38251228,32.46704917,32.56092089,32.66214343,32.81011897,33.07830681,33.56032941,34.30003468,35.28373041,36.43009565,37.60634999,38.66259241,39.47038653,39.95386594,40.10550694,39.98250309,39.68396856,39.31613128,38.95880473,38.6462516,38.36825716,38.08795124,37.76680034,37.38564816,36.95656977,36.51919364,36.11613002,35.77766425,35.51239432,35.30941515,35.14956926,35.01952698,34.92168024,34.87504019,34.90733049,35.04267414,35.29142644,35.64693324,36.09044269,36.6013148,37.16684175,37.78748912,38.46896153,39.20837246,39.98395153,40.7488353,41.4368348,41.97804423,42.31818073,42.43335706,42.33353304,42.05391614,41.63937175,41.12950432,40.55042526,39.91500097,39.22924229,38.50012743,37.7405263,36.97129065,36.2196068,35.51799469,34.91019397,34.45759099,34.24271255,34.36397528,34.91898135,35.97792671,37.55427382,39.58341921,41.92080226,44.36526794,46.70300013,48.75631004,50.41851627,51.66327464,52.52672953,53.07492408,53.39895975,53.55268584,53.56701665,53.45968505,53.24937202,52.96559733,52.6489857,52.34244793,52.07757546,51.86368093,51.6854112,51.51118636,51.30889132,51.06142835,50.7752695,50.47838564,50.21021139,50.00294792,49.86273056,49.77229942,49.69880533,49.60980358,49.48881172,49.34399986,49.20636279,49.11800965,49.11500998,49.21179391,49.39391026,49.62184074,49.84368226,50.01133363,50.09477038,50.09003575,50.01811689,49.92309911,49.84991759,49.83522617,49.90199168,50.05793767,50.29689517,50.60125054,50.94439597,51.29377941,51.61452302,51.87424009,52.04851306,52.12604841,52.11185125,52.02599568,51.89721669,51.75241884,51.60672886,51.45710569,51.28822759,51.08312113,50.83411513,50.54913649,50.24945879,49.95969981,49.69539107,49.45502023,49.22103314,48.96922422,48.68242402,48.36125599,48.02639438,47.71020662,47.44177549,47.23486052,47.08022331,46.95151631,46.82434314,46.68613885,46.54105847,46.40501229,46.29398728,46.21268688,46.1500022,46.08372331,45.99169249,45.86361488,45.70643532,45.53983804,45.3840149,45.24676993,45.11775123,44.97204375,44.78597313,44.55395071,44.29222741,44.03146247,43.80036521,43.60927764,43.44379547,43.27173159,43.06061333,42.79727751,42.4987765,42.20712581,41.96902676,41.81137577,41.72534953,41.66681193,41.57414674,41.39219682,41.1156095,40.78340183,40.46504952,40.23180071,40.13001702,40.16736501,40.31614548,40.53091701,40.77254124,41.02686672,41.30885411,41.65140368,42.08578336,42.62513365,43.257624,43.95337716,44.68067214,45.42377689,46.19057529,46.99911937,47.85870068,48.75415843,49.64259339,50.466551,51.1788594,51.76377738,52.24227987,52.65610593,53.04253513,53.41375361,53.75265429,54.0266615,54.21234348,54.31388314,54.36382657,54.40689609,54.46840839,54.54295775,54.60226098,54.61846052,54.58974313,54.55161809,54.56089407,54.6637213,54.86463229
16,17.88227053,17.37609027,16.98273314,16.65194026,16.34700388,16.06177245,15.8260013,15.69603909,15.73543885,15.99187495,16.47675596,17.15518876,17.95268027,18.77734553,19.54666966,20.20568723,20.72692518,21.11384893,21.38399649,21.55446841,21.64008147,21.65351555,21.60826884,21.52198204,21.41780414,21.32254108,21.26143978,21.25113222,21.29389307,21.37680318,21.47774228,21.57653292,21.66694915,21.76422974,21.90803225,22.14292658,22.50060133,22.98276454,23.55283923,24.14149879,24.66427016,25.0456067,25.24185739,25.25502343,25.13092533,24.94108169,24.75560746,24.6193887,24.54163494,24.50162284,24.46606926,24.40907001,24.32704613,24.24156301,24.18188557,24.16883088,24.2030098,24.2640842,24.32100001,24.34785849,24.33749217,24.3058469,24.28525954,24.31053499,24.40539913,24.57600458,24.81408945,25.10703442,25.44852658,25.84458482,26.30536871,26.83042292,27.39916088,27.9660607,28.46900354,28.84716223,29.06103142,29.10506044,29.00672504,28.81267559,28.56917907,28.30618448,28.03158892,27.73686723,27.40959721,27.04556953,26.65404303,26.25555723,25.87320759,25.525131,25.22806305,25.00616142,24.90077906,24.97341855,25.29654099,25.93241006,26.90652719,28.18652253,29.67750515,31.23934552,32.72152434,34.00189381,35.01339118,35.74916129,36.24592263,36.556641,36.73960521,36.82122851,36.80978174,36.70827234,36.52829949,36.2968086,36.0523515,35.83325105,35.66363646,35.54474931,35.4564073,35.36848007,35.256826,35.11567946,34.96049835,34.81996536,34.72201122,34.67450842,34.65595179,34.62663838,34.54415402,34.38293585,34.14824607,33.87872707,33.63613921,33.48527787,33.47103717,33.60183963,33.84645529,34.14513892,34.42975789,34.64490727,34.76293446,34.78858097,34.75216305,34.70062942,34.67294596,34.69383486,34.77418822,34.9163236,35.12026016,35.3865122,35.71375888,36.09330846,36.50427437,36.91353891,37.2820409,37.57588316,37.77809407,37.89546699,37.95595405,37.99627421,38.04572106,38.10954724,38.17010341,38.19865356,38.17204429,38.08685656,37.96327052,37.83579178,37.73555823,37.67410617,37.63727327,37.59235401,37.50544371,37.36043294,37.17010713,36.97266633,36.8145054,36.73082215,36.72762801,36.77867297,36.84734021,36.90212667,36.9297344,36.93705009,36.94127956,36.95552256,36.97833078,36.99376811,36.98106059,36.92827217,36.84076132,36.73884462,36.64524893,36.5701538,36.50371516,36.42009611,36.29686348,36.13516924,35.96324105,35.8239357,35.75018662,35.742304,35.76105367,35.74257883,35.62994779,35.40765917,35.11964869,34.85644497,34.71345741,34.74035427,34.90705952,35.10353391,35.17730875,34.98317982,34.49836398,33.80909096,33.08765818,32.5260998,32.26604688,32.35335018,32.73224378,33.27883366,33.85981078,34.38973061,34.8593374,35.32324043,35.85832403,36.51759365,37.30183688,38.16138379,39.02537156,39.84364124,40.62151446,41.3998618,42.22323756,43.10519667,44.01122995,44.86999072,45.60845308,46.1904836,46.63463813,46.99963074,47.34907403,47.71680232,48.09278413,48.43560028,48.70458152,48.89000538,49.02136729,49.14963088,49.30404597,49.47111874,49.60183452,49.64468534,49.58838371,49.485329,49.43387926,49.52934455,49.81042689
17,27.18389842,26.37755842,25.75800914,25.25808684,24.82361837,24.44055319,24.14619748,24.01774771,24.1438898,24.58995193,25.36800302,26.42416818,27.65186592,28.92667569,30.14439499,31.24241605,32.19327513,32.99665666,33.65375255,34.15311965,34.47847046,34.62251996,34.60023309,34.45336323,34.24382975,34.03870236,33.89221288,33.83159142,33.85308408,33.93128051,34.03878014,34.16760915,34.34248689,34.619352,35.07814539,35.76521523,36.68254747,37.77267431,38.92545889,40.00333793,40.87512608,41.44836486,41.69169824,41.64045877,41.38181682,41.02312443,40.65543205,40.32724379,40.03824549,39.75306608,39.42697447,39.0313382,38.57118181,38.08753508,37.63014545,37.23851148,36.92765887,36.68745947,36.49448606,36.32977548,36.1934687,36.1088934,36.11436982,36.24713565,36.52765361,36.95167719,37.49341633,38.11773437,38.79489595,39.51073701,40.26393835,41.05297929,41.861323,42.64802634,43.35098481,43.90185403,44.24643108,44.36087315,44.25592378,43.96786002,43.54164518,43.01505504,42.41060445,41.73740908,40.99972715,40.20644944,39.37596404,38.53672387,37.7222363,36.96783897,36.31706919,35.83014373,35.59010695,35.69943183,36.26275311,37.3573177,38.99936739,41.11936942,43.55947203,46.09994011,48.50893707,50.59740846,52.25769189,53.47256631,54.29345045,54.8026185,55.10082184,55.24292833,55.25398963,55.14305892,54.92190412,54.61800596,54.2750919,53.942145,53.65640009,53.42953451,53.24437791,53.06477975,52.85420956,52.5941471,52.2938438,51.98720475,51.72016342,51.52758453,51.4117136,51.34676071,51.28990532,51.2019089,51.06657878,50.90075269,50.75047129,50.67420434,50.71908374,50.90007501,51.19105314,51.53158498,51.84609791,52.06773783,52.15906469,52.12267814,51.99780323,51.85276889,51.75000423,51.73223263,51.81632427,51.9955716,52.24784837,52.5448508,52.85854558,53.16375365,53.43744245,53.65788881,53.80599669,53.86966424,53.84954407,53.76198986,53.63574309,53.50174714,53.38098705,53.27119535,53.15176493,52.99447424,52.77858702,52.50304721,52.18893867,51.87010086,51.57666248,51.32039635,51.08983251,50.85727745,50.59461358,50.28989043,49.95619825,49.62750516,49.34273298,49.12893405,48.98639137,48.88806019,48.80091985,48.70005338,48.57992342,48.45434572,48.34544271,48.2685976,48.22176002,48.18517425,48.1308435,48.03692277,47.898622,47.72940557,47.5515663,47.38213405,47.22272663,47.05875949,46.87025689,46.64896131,46.40514957,46.16287191,45.94518768,45.75803271,45.58301582,45.38439175,45.12773934,44.80202785,44.43233843,44.07364578,43.78600765,43.60412575,43.51627941,43.46379379,43.36289656,43.13527151,42.7684264,42.3108729,41.85611388,41.50455445,41.32557414,41.33568337,41.49968843,41.75321069,42.03639367,42.32255344,42.62736533,42.9956179,43.47376928,44.08455441,44.81476169,45.62275177,46.46103341,47.30350701,48.16057686,49.06109757,50.02569429,51.0423274,52.05893681,52.9996243,53.79853367,54.43181384,54.92723751,55.34457972,55.74006622,56.13505504,56.50699474,56.80672713,56.99451194,57.07057163,57.08200283,57.10103672,57.17466724,57.29988655,57.42633158,57.48663067,57.44238908,57.31761858,57.19415052,57.17127857,57.31262985
18,27.21496668,26.40695333,25.77453849,25.24973539,24.78237154,24.36525286,24.042449,23.89578876,24.01607172,24.46902634,25.26632061,26.35316448,27.62106631,28.94192319,30.20577248,31.34294306,32.31888973,33.12999425,33.77978365,34.26379232,34.57510521,34.71431457,34.69935628,34.56912407,34.37879072,34.18864311,34.0499569,33.99261213,34.01962081,34.11204261,34.2435207,34.39870344,34.58761105,34.84936913,35.25076143,35.84189031,36.64135674,37.6170726,38.68453651,39.7234261,40.60642362,41.23169981,41.55006465,41.57785705,41.38893021,41.08640008,40.76488264,40.47949115,40.23422528,39.9926489,39.70400719,39.33192259,38.87634734,38.38091043,37.9025188,37.4893968,37.16263309,36.91295972,36.7130129,36.53819477,36.38551249,36.28069054,36.27016636,36.40205376,36.7057694,37.17977535,37.79271655,38.49682603,39.24666959,40.01376363,40.78982039,41.57567041,42.36286341,43.12155582,43.80033371,44.33863894,44.6859856,44.81829552,44.74308556,44.4916285,44.10328014,43.61062227,43.03225029,42.3753953,41.64483993,40.85202813,40.01888393,39.17701887,38.36125801,37.60606659,36.95277915,36.45916912,36.20657924,36.296585,36.83295372,37.89091997,39.48287263,41.53418868,43.88271531,46.30798477,48.58311013,50.52992089,52.05547829,53.15740275,53.89824462,54.36520318,54.65249246,54.80441056,54.83387096,54.74044904,54.53189543,54.23730591,53.90567866,53.59168816,53.335792,53.14892565,53.00977274,52.87672309,52.70904447,52.48694638,52.22146157,51.94992969,51.72119557,51.57034341,51.49639084,51.46846276,51.43908791,51.36729046,51.23960268,51.07998882,50.94420479,50.89988644,50.99929327,51.255967,51.63553349,52.06466217,52.45419076,52.72737456,52.84371319,52.81052239,52.67743705,52.52507036,52.42273975,52.41252091,52.50366812,52.67854753,52.90611793,53.15592177,53.40645149,53.64582938,53.8661894,54.05707725,54.20296947,54.28713756,54.30016301,54.24775524,54.15208051,54.04395877,53.95006454,53.8755593,53.80440281,53.70832247,53.56225156,53.35887345,53.11399972,52.8591722,52.62499501,52.4247599,52.24744887,52.06375307,51.84290012,51.57139351,51.26420398,50.96092775,50.70789744,50.53808029,50.45216412,50.41681896,50.38948754,50.33635265,50.24782505,50.14037272,50.04415794,49.98388323,49.96381929,49.96487154,49.95454472,49.90432612,49.80447451,49.66770206,49.51968573,49.3822368,49.25985698,49.13670121,48.98756628,48.79884279,48.57833027,48.35163715,48.14583337,47.96974133,47.80389369,47.6072154,47.33878694,46.98480113,46.57517462,46.17728753,45.86635947,45.68700528,45.62533861,45.6065684,45.5216304,45.26579733,44.81988347,44.24528672,43.66552865,43.21738461,42.99958629,43.04080781,43.29722675,43.67957605,44.09794618,44.5033316,44.90472449,45.35488259,45.91505749,46.61934442,47.45564874,48.37241244,49.30725978,50.22401357,51.13745446,52.09105015,53.12345505,54.23495665,55.37340074,56.44935024,57.37526887,58.1066524,58.65990592,59.09575104,59.48080582,59.85052504,60.19463452,60.47133786,60.64261256,60.70618322,60.70341378,60.69908962,60.73289377,60.79726575,60.84358564,60.81589119,60.69569798,60.52878457,60.41042086,60.43739676,60.65284819
19,24.03260078,23.34925517,22.79646619,22.30563468,21.83461394,21.38860271,21.02255489,20.82391332,20.8837806,21.26537891,21.97788584,22.9652085,24.11773588,25.30437899,26.40946103,27.35691909,28.10930357,28.67291762,29.0747203,29.34236975,29.50066259,29.56951192,29.56566281,29.50625055,29.41207677,29.30890057,29.22525418,29.1867468,29.20859858,29.2901724,29.41524143,29.55936905,29.70233427,29.84089176,29.99872888,30.22010517,30.55146839,31.01989642,31.61482791,32.28239965,32.93577807,33.47894854,33.83670754,33.98013961,33.93617094,33.77518234,33.58117824,33.4184439,33.30990225,33.23567299,33.15038338,33.00958008,32.79478053,32.53027896,32.26116768,32.03243407,31.86765012,31.76033887,31.68164635,31.60005795,31.50296703,31.40875448,31.36311272,31.42133792,31.62555291,31.98747262,32.484357,33.06930956,33.69046847,34.30865712,34.90738502,35.48746194,36.04886583,36.57793276,37.04394449,37.40724258,37.63454274,37.71270105,37.65317646,37.4848837,37.23989255,36.93993121,36.59046639,36.18473974,35.71453802,35.1811817,34.6004941,34.00099826,33.41661823,32.87778656,32.4152495,32.06773107,31.88961659,31.95097266,32.32517887,33.06514886,34.17595439,35.59586739,37.19739332,38.81280723,40.27725402,41.47229731,42.35176033,42.94040637,43.3077133,43.53187436,43.67550475,43.75458377,43.75753633,43.66752157,43.48444499,43.23523585,42.96781468,42.73279891,42.56215594,42.45580203,42.38329867,42.30040613,42.17240248,41.99229392,41.78523578,41.59712819,41.47440224,41.43562701,41.45604577,41.48327602,41.45855425,41.34418655,41.14323298,40.9030785,40.70119419,40.61760032,40.70416106,40.96329639,41.34540777,41.76563569,42.13231236,42.37589708,42.4687643,42.4298536,42.31306795,42.18993775,42.11275872,42.10531334,42.16436963,42.27070257,42.4037989,42.55269299,42.71829419,42.90716156,43.1211623,43.34964689,43.56910649,43.75101355,43.87446854,43.93713843,43.95787054,43.96838689,43.99876231,44.05714391,44.12832523,44.18218792,44.18978713,44.13947713,44.04438098,43.93614188,43.84809674,43.79710456,43.7741005,43.74826008,43.68338457,43.55843753,43.38193507,43.19151588,43.03762646,42.96217629,42.97655342,43.0539769,43.15189159,43.22999852,43.26837332,43.27361832,43.27036102,43.2839272,43.32446363,43.38131013,43.42968889,43.44541023,43.41848926,43.3574985,43.28188193,43.20766163,43.13632882,43.05369932,42.94316438,42.80387792,42.65696713,42.53671283,42.46921762,42.45051752,42.43871458,42.36722501,42.17652578,41.85075352,41.43868873,41.04238043,40.77305952,40.69493631,40.78412687,40.92389924,40.9430137,40.67080606,40.06933079,39.22789283,38.34192172,37.63951854,37.29786054,37.38356438,37.83727075,38.50700329,39.21828598,39.84996377,40.3786778,40.87183342,41.43799617,42.16476128,43.0730249,44.10800575,45.16919516,46.16403891,47.0684738,47.91677226,48.76845431,49.66291345,50.58842982,51.48285853,52.26606854,52.88444229,53.33930881,53.68142908,53.97855188,54.27676579,54.57903512,54.85144331,55.05322673,55.16956636,55.22535305,55.27176581,55.34242955,55.4286532,55.48318744,55.452678,55.32397681,55.15293899,55.04871181,55.12180516,55.42230596
20,20.89918003,20.31759988,19.86067041,19.45899959,19.06689721,18.68358981,18.3563997,18.16454486,18.19168731,18.49631087,19.08765986,19.91591426,20.88330224,21.87338538,22.78434109,23.55055275,24.14152035,24.56634371,24.85246097,25.02772399,25.11700912,25.14009434,25.11291704,25.05049352,24.96958035,24.8896096,24.83080719,24.80971782,24.83385627,24.89841593,24.98779681,25.08255591,25.1697391,25.25268754,25.35824168,25.52818262,25.8026154,26.20161689,26.71067411,27.27781947,27.82449314,28.26739092,28.54461382,28.63681914,28.57384611,28.42223428,28.25827042,28.13905223,28.08452543,28.07722182,28.0778962,28.04841828,27.97263203,27.86843887,27.77000049,27.7091981,27.69819081,27.72332076,27.7531595,27.75635761,27.7202773,27.66056143,27.61672284,27.63610723,27.75457975,27.98335237,28.30772997,28.697604,29.12354475,29.57008082,30.03783284,30.5324395,31.04898778,31.56142326,32.02375845,32.38325611,32.59955557,32.66016996,32.5840624,32.41167702,32.18684315,31.93972737,31.67862042,31.39339261,31.06754487,30.69181276,30.27201479,29.82865709,29.39086454,28.98521663,28.63687008,28.37567927,28.2440884,28.29964352,28.60671785,29.21717955,30.14601851,31.3524721,32.73742311,34.16217804,35.48380943,36.59300313,37.43841345,38.02852933,38.41195396,38.64807502,38.79057157,38.85707539,38.84480718,38.74737256,38.57128113,38.3432071,38.10446112,37.89623635,37.74308885,37.64335924,37.57180338,37.49369706,37.3832956,37.23725136,37.0764881,36.935692,36.8466508,36.81654165,36.81909522,36.80900896,36.74006531,36.58657209,36.35725378,36.09603547,35.86916036,35.74282889,35.75942677,35.92186511,36.19257457,36.50693001,36.79485975,37.00208745,37.1043512,37.11069226,37.05524026,36.98677465,36.94325389,36.94573373,36.99939472,37.10020793,37.24334708,37.42835685,37.6583379,37.93425091,38.24785124,38.57794559,38.89289751,39.15919313,39.35320738,39.47080448,39.52932234,39.55971738,39.59281489,39.64202374,39.69874498,39.73986015,39.74147964,39.69335411,39.60617305,39.50700425,39.42523533,39.3766215,39.3543811,39.3319316,39.27640488,39.16651991,39.00596728,38.82439887,38.66462975,38.56465744,38.53886625,38.56988838,38.62611139,38.67600708,38.70261032,38.70855701,38.70938451,38.72001298,38.74290851,38.76501366,38.76485513,38.72565266,38.64618911,38.54215548,38.43675783,38.34604901,38.26868245,38.18606534,38.0761494,37.93366503,37.77721327,37.64185777,37.55838004,37.53110066,37.52791244,37.49031705,37.36140308,37.12006784,36.80270634,36.49600506,36.29932625,36.27407524,36.40449999,36.59006008,36.67657285,36.50363678,36.02513213,35.30943835,34.52435646,33.87341239,33.52069622,33.53578638,33.87719396,34.41937692,35.01242301,35.54839824,36.00156228,36.42426337,36.90530035,37.5167006,38.27440077,39.1309466,40.00122367,40.80874678,41.53646907,42.21684888,42.90322288,43.63108244,44.39267721,45.1383973,45.8046218,46.3502673,46.77825267,47.12821849,47.44747968,47.75936024,48.04945261,48.27727978,48.40853955,48.44571337,48.43643281,48.45154349,48.53378721,48.67237919,48.80526438,48.8538982,48.77503951,48.59910217,48.42391703,48.36682586,48.50160732
