Sample Name,3921.568617,3935.185168,3948.801719,3962.418269,3976.03482,3989.651371,4003.267922,4016.884472,4030.501023,4044.117574,4057.734124,4071.350675,4084.967226,4098.583777,4112.200327,4125.816878,4139.433429,4153.049979,4166.66653,4180.283081,4193.899632,4207.516182,4221.132733,4234.749284,4248.365834,4261.982385,4275.598936,4289.215486,4302.832037,4316.448588,4330.065139,4343.681689,4357.29824,4370.914791,4384.531341,4398.147892,4411.764443,4425.380994,4438.997544,4452.614095,4466.230646,4479.847196,4493.463747,4507.080298,4520.696849,4534.313399,4547.92995,4561.546501,4575.163051,4588.779602,4602.396153,4616.012704,4629.629254,4643.245805,4656.862356,4670.478906,4684.095457,4697.712008,4711.328559,4724.945109,4738.56166,4752.178211,4765.794761,4779.411312,4793.027863,4806.644414,4820.260964,4833.877515,4847.494066,4861.110616,4874.727167,4888.343718,4901.960269,4915.576819,4929.19337,4942.809921,4956.426471,4970.043022,4983.659573,4997.276124,5010.892674,5024.509225,5038.125776,5051.742326,5065.358877,5078.975428,5092.591979,5106.208529,5119.82508,5133.441631,5147.058181,5160.674732,5174.291283,5187.907834,5201.524384,5215.140935,5228.757486,5242.374036,5255.990587,5269.607138,5283.223689,5296.840239,5310.45679,5324.073341,5337.689891,5351.306442,5364.922993,5378.539544,5392.156094,5405.772645,5419.389196,5433.005746,5446.622297,5460.238848,5473.855399,5487.471949,5501.0885,5514.705051,5528.321601,5541.938152,5555.554703,5569.171254,5582.787804,5596.404355,5610.020906,5623.637456,5637.254007,5650.870558,5664.487109,5678.103659,5691.72021,5705.336761,5718.953311,5732.569862,5746.186413,5759.802964,5773.419514,5787.036065,5800.652616,5814.269166,5827.885717,5841.502268,5855.118819,5868.735369,5882.35192,5895.968471,5909.585021,5923.201572,5936.818123,5950.434674,5964.051224,5977.667775,5991.284326,6004.900876,6018.517427,6032.133978,6045.750529,6059.367079,6072.98363,6086.600181,6100.216731,6113.833282,6127.449833,6141.066384,6154.682934,6168.299485,6181.916036,6195.532586,6209.149137,6222.765688,6236.382239,6249.998789,6263.61534,6277.231891,6290.848441,6304.464992,6318.081543,6331.698094,6345.314644,6358.931195,6372.547746,6386.164296,6399.780847,6413.397398,6427.013949,6440.630499,6454.24705,6467.863601,6481.480151,6495.096702,6508.713253,6522.329804,6535.946354,6549.562905,6563.179456,6576.796006,6590.412557,6604.029108,6617.645659,6631.262209,6644.87876,6658.495311,6672.111861,6685.728412,6699.344963,6712.961514,6726.578064,6740.194615,6753.811166,6767.427716,6781.044267,6794.660818,6808.277369,6821.893919,6835.51047,6849.127021,6862.743571,6876.360122,6889.976673,6903.593224,6917.209774,6930.826325,6944.442876,6958.059426,6971.675977,6985.292528,6998.909079,7012.525629,7026.14218,7039.758731,7053.375281,7066.991832,7080.608383,7094.224934,7107.841484,7121.458035,7135.074586,7148.691136,7162.307687,7175.924238,7189.540789,7203.157339,7216.77389,7230.390441,7244.006991,7257.623542,7271.240093,7284.856644,7298.473194,7312.089745,7325.706296,7339.322846,7352.939397,7366.555948,7380.172499,7393.789049,7407.4056
1,26.39821523,26.01128889,25.65246693,25.33366916,25.07176646,24.88624529,24.80102667,24.84800921,25.0464415,25.41643844,25.96573319,26.68345871,27.53797419,28.47972666,29.44832744,30.38206768,31.22748666,31.94282492,32.5010981,32.90260053,33.14810508,33.24413097,33.20608683,33.06342296,32.8613582,32.6548059,32.49448303,32.41089995,32.40671898,32.45482599,32.52371247,32.610485,32.75429213,33.03329321,33.53877115,34.33473576,35.41983815,36.70891353,38.04425214,39.21954821,40.06017308,40.49296426,40.53499031,40.28122243,39.86286334,39.40059727,38.97153393,38.60051231,38.27431821,37.9678212,37.66863603,37.38715989,37.1470755,36.96786424,36.85186627,36.78214996,36.73198094,36.68013649,36.62294398,36.57595751,36.56487584,36.61181611,36.71038315,36.83806538,36.96648967,37.07976054,37.18899877,37.33542621,37.57962041,37.98074664,38.57345762,39.35551597,40.26424284,41.19889509,42.05434672,42.73605248,43.17689765,43.34598627,43.24957707,42.92559517,42.43316713,41.83891116,41.20304843,40.56829924,39.94697928,39.331583,38.70579422,38.05791947,37.39267023,36.73795684,36.14581035,35.68917109,35.46594775,35.59343956,36.15779914,37.24027002,38.88131985,41.05753604,43.66918194,46.54706611,49.47918721,52.24885774,54.67278638,56.59339878,57.99896648,58.93496716,59.48613038,59.75264975,59.82265854,59.75665606,59.5878369,59.33461609,59.01631089,58.66280322,58.31516565,58.0047226,57.74199965,57.51450847,57.29471112,57.05508445,56.7823044,56.48323724,56.18002289,55.89709505,55.65016335,55.42824277,55.2113818,54.98076351,54.72988022,54.4682864,54.21656856,53.99611616,53.82001367,53.69027372,53.60465427,53.55960225,53.5582307,53.60615976,53.70081094,53.8243878,53.9460554,54.03549585,54.08265684,54.11334756,54.19389488,54.41491668,54.83270693,55.45619196,56.23466959,57.07230656,57.86019151,58.51136945,58.98389481,59.28311601,59.44385513,59.50179664,59.48483601,59.39011841,59.20713959,58.93524621,58.59399142,58.22000238,57.85195958,57.51200823,57.19463302,56.86765304,56.49482365,56.06213965,55.584389,55.09851016,54.64506559,54.24820478,53.90517109,53.5912071,53.27721047,52.95064087,52.6297499,52.35054692,52.14463828,52.01881024,51.9470212,51.88008465,51.76860455,51.58700801,51.34580442,51.08714534,50.8616307,50.69188304,50.56597617,50.44513263,50.28523071,50.06026294,49.77539636,49.46309094,49.165159,48.91325694,48.70607427,48.51704622,48.31768843,48.09432838,47.85710807,47.63478009,47.45894125,47.34693343,47.29285157,47.27173729,47.2508917,47.2128113,47.15821199,47.09896148,47.04651576,47.00304181,46.96137888,46.91372516,46.86289665,46.83043092,46.84910464,46.94221908,47.11370677,47.34490582,47.60579889,47.87496821,48.15717618,48.48798105,48.92126052,49.51362621,50.27551364,51.17485855,52.15941572,53.17792143,54.20174411,55.23127903,56.28465222,57.37632768,58.49862716,59.61276489,60.67053129,61.64032944,62.51729872,63.32056607,64.07598461,64.79574846,65.46735457,66.05968685,66.54372113,66.90883903,67.20311228,67.48666371,67.81452292,68.21322355,68.67120799,69.14889171,69.6038758,70.01711183,70.40394155,70.80617205,71.25487609
2,33.7052391,33.16987065,32.64850752,32.16309151,31.74674944,31.43917791,31.28686128,31.34479282,31.6397641,32.1928784,33.0029136,34.04276491,35.26152921,36.59124887,37.95610474,39.28206369,40.50525168,41.57303738,42.44535773,43.11195696,43.56271522,43.79668679,43.82805139,43.69328601,43.45306443,43.18382045,42.95936917,42.82981019,42.81145677,42.88214941,43.00780769,43.18422314,43.4524745,43.89662225,44.6152982,45.6764502,47.07425395,48.70782683,50.39344259,51.89068262,52.99451409,53.61615167,53.77051174,53.56307639,53.14215437,52.64425622,52.15441489,51.69453282,51.23923137,50.74741723,50.18934799,49.57728644,48.94731966,48.34121722,47.78938944,47.302353,46.87447247,46.49637185,46.16810936,45.90543902,45.73741929,45.7007096,45.80180636,46.03590299,46.38487394,46.8281944,47.35404815,47.96468863,48.67313385,49.49264519,50.42367128,51.44484277,52.5007977,53.51841088,54.4218865,55.14215872,55.62644014,55.8438898,55.78787383,55.47530376,54.94272697,54.23900364,53.41094644,52.51044388,51.56495933,50.58757736,49.5847441,48.56623783,47.55493384,46.5936639,45.74830825,45.10772742,44.79299992,44.94936479,45.67650324,47.0599052,49.12131396,51.79296634,54.9120184,58.24264735,61.52062117,64.50485921,67.01973046,68.9388123,70.30583486,71.20796492,71.75188086,72.03733173,72.13500006,72.08275504,71.89877316,71.60203768,71.22787115,70.830682,70.47139023,70.18107411,69.95356619,69.74966422,69.51705482,69.21678322,68.84342285,68.42929505,68.03082481,67.70329762,67.48415859,67.35184465,67.26654806,67.18573819,67.0857384,66.97194463,66.87380663,66.82836313,66.86104144,66.9732176,67.14257423,67.32688284,67.48956104,67.60682424,67.66780233,67.67211637,67.62811046,67.5544249,67.48342525,67.46163486,67.54658946,67.78662566,68.18235174,68.69682194,69.25576458,69.76907189,70.15971619,70.38766382,70.45859151,70.41384899,70.30681629,70.17698996,70.03279627,69.85489853,69.61837374,69.31185244,68.94698112,68.55384853,68.16559077,67.80082564,67.4539888,67.09689786,66.69903631,66.24961036,65.76221851,65.26856869,64.80304384,64.38681784,64.02017015,63.68679244,63.36718571,63.05453271,62.76071976,62.50821362,62.31477787,62.18060637,62.08530919,61.99634431,61.88448569,61.73744434,61.56420292,61.38907562,61.23490979,61.10605847,60.98956924,60.86358514,60.71026309,60.52523541,60.31808665,60.10408776,59.89270111,59.67971073,59.44833871,59.18455488,58.88751059,58.57272051,58.26522132,57.98637771,57.74215365,57.52035808,57.29915588,57.06233244,56.81590482,56.58628249,56.40360264,56.28325168,56.21348683,56.1581814,56.07497962,55.93985941,55.76447098,55.59979008,55.51426117,55.55174861,55.71964253,55.98927396,56.31641009,56.66995291,57.05318257,57.50527137,58.08209155,58.83500061,59.76005015,60.81198986,61.93390495,63.08130325,64.24018933,65.42465101,66.65623302,67.93814394,69.24020875,70.49666894,71.64883514,72.67129879,73.5754446,74.39681319,75.16766193,75.89265083,76.54224897,77.06962623,77.44237244,77.66319754,77.81088525,77.97107784,78.21220873,78.55797449,78.98149455,79.42480144,79.83392946,80.1899914,80.51762126,80.86959081,81.27831138
3,24.14607427,23.88587049,23.52446988,23.02953192,22.42844298,21.80384762,21.27726451,20.99077439,21.0296042,21.43288864,22.18085416,23.20214592,24.38999706,25.62036435,26.76886709,27.72777194,28.42413981,28.83008265,28.98011522,28.97553301,28.91410718,28.87375666,28.89110604,28.9586966,29.04120395,29.10265036,29.13092748,29.14661095,29.19285366,29.30399102,29.4673748,29.62549714,29.69410291,29.60118981,29.32764971,28.92863578,28.52279098,28.25170636,28.22591756,28.49076446,28.97120298,29.52761724,30.02328436,30.3673072,30.54246184,30.59928259,30.62231352,30.68653774,30.82477573,31.01993034,31.21990283,31.37469271,31.47043026,31.52898302,31.59188164,31.69368125,31.83946946,31.99903244,32.12119845,32.16101709,32.10519057,31.98810913,31.88867157,31.88509881,32.03356994,32.3506469,32.8122187,33.36699039,33.95620475,34.53011332,35.0555778,35.51164661,35.88929922,36.18766137,36.40603792,36.54940476,36.63017145,36.6664645,36.67662886,36.67238464,36.65428419,36.61239133,36.52885062,36.39590728,36.21569107,36.00015031,35.76588637,35.52708691,35.29126905,35.06080762,34.84006578,34.64456449,34.50994778,34.49242057,34.6396685,34.98565643,35.53038057,36.23232085,37.01511192,37.78698852,38.46523868,38.99592197,39.36254735,39.57539978,39.6860938,39.73905981,39.76391293,39.77047163,39.75106008,39.69061263,39.58001206,39.42655713,39.25643864,39.1092674,39.02190405,39.00317094,39.03691494,39.08817541,39.12043191,39.11438672,39.07887153,39.04739995,39.06039499,39.14015844,39.27029165,39.38353187,39.40505068,39.28287433,39.01909286,38.68128015,38.38653611,38.26167718,38.39404346,38.79372713,39.38711942,40.02029147,40.55235451,40.89784327,41.04422133,41.04300178,40.97691834,40.91993974,40.90872077,40.93737772,40.97474199,40.99441681,41.00442318,41.04215707,41.15443759,41.37131038,41.68805144,42.06493398,42.44467664,42.77849543,43.0473263,43.26970795,43.49446877,43.75989589,44.07924605,44.43524166,44.79000587,45.10422302,45.35583647,45.54943393,45.71217651,45.88057023,46.07728358,46.29973327,46.52658742,46.73041287,46.89232404,47.01173407,47.1074247,47.2102835,47.3516661,47.55656446,47.82665285,48.1494696,48.50564955,48.87358377,49.23370022,49.5706973,49.87466374,50.14175106,50.37456104,50.58048045,50.7729155,50.96152419,51.14716646,51.3202949,51.46345542,51.55908195,51.6002626,51.59997784,51.59360071,51.63530507,51.77188682,52.01233522,52.32200744,52.62346806,52.81835326,52.82385379,52.61152456,52.23176508,51.80867478,51.51293788,51.47382404,51.6939525,52.05027876,52.31464729,52.22854578,51.60488088,50.41788597,48.84087807,47.21064607,45.9646247,45.44545099,45.75654633,46.80004971,48.31328429,49.97630896,51.5320144,52.8684894,54.031598,55.16870037,56.44439255,57.92362429,59.54169307,61.16147247,62.64252091,63.90724324,64.96871424,65.91094467,66.83601021,67.80725987,68.81425622,69.77781771,70.61108947,71.26041642,71.72489965,72.048152,72.29142304,72.50496953,72.71232571,72.91323162,73.09678996,73.26086646,73.40714114,73.53154375,73.61744923,73.64286527,73.60232648,73.53177748,73.51732495,73.67801224,74.12916918,74.86400177
4,29.96383294,29.51329638,29.0281918,28.5079333,27.98241014,27.50950239,27.1698576,27.0611009,27.24132116,27.74549302,28.56861904,29.66565613,30.95918578,32.35116991,33.73607501,35.01490931,36.10979807,36.97104836,37.58817219,38.00429057,38.26319772,38.40496161,38.45668657,38.43384869,38.34959442,38.22538168,38.09566033,38.00271988,37.986711,38.06542913,38.22244963,38.42813238,38.6550665,38.89803426,39.18403856,39.56514186,40.09512591,40.79938961,41.65176719,42.56695633,43.41212734,44.07156671,44.47627408,44.62160068,44.56154588,44.3819892,44.16540746,43.96234678,43.78059043,43.59441448,43.36317551,43.06785812,42.71901924,42.34995458,42.00127321,41.70274939,41.46206341,41.26578653,41.09161176,40.9250756,40.77268884,40.66974657,40.65935011,40.78168004,41.05974224,41.4938097,42.06458637,42.74194327,43.49396687,44.29196431,45.1102774,45.92110322,46.69136335,47.38868391,47.98093084,48.44189718,48.75469154,48.91244985,48.91684443,48.77573741,48.50112741,48.10792166,47.60784312,47.02646691,46.38239726,45.69158131,44.96797867,44.22547091,43.48222442,42.76684008,42.1246362,41.62169307,41.35283227,41.43247629,41.93416797,42.90804609,44.3438707,46.15847887,48.20345929,50.29357664,52.24656003,53.92001817,55.23439338,56.15512797,56.75618081,57.12164569,57.32957882,57.43573096,57.46511347,57.41837526,57.28885438,57.08135915,56.82304348,56.562039,56.35173864,56.21606071,56.14496006,56.09900388,56.02905445,55.90126648,55.71512871,55.50520444,55.32479928,55.21834366,55.19992345,55.22190396,55.21999993,55.13924216,54.96477595,54.73587924,54.5356271,54.45926866,54.57415417,54.88882664,55.34721321,55.83192101,56.23520078,56.49048436,56.5852306,56.55489827,56.46068705,56.36311292,56.30322328,56.29779376,56.34832299,56.45146067,56.60452077,56.80877253,57.05839163,57.33414971,57.60467693,57.83597895,58.00481499,58.10868725,58.1667078,58.21178452,58.27201612,58.35363596,58.44277071,58.51408535,58.54421424,58.52296751,58.45711115,58.36538952,58.26795921,58.17657499,58.08742907,57.98922139,57.8725457,57.7368837,57.59185351,57.45247731,57.33184703,57.23565681,57.16185233,57.10650203,57.06826904,57.05398367,57.07451965,57.13680116,57.23664975,57.35655657,57.47049254,57.55382272,57.5935866,57.59272508,57.57315146,57.55784985,57.55928151,57.57425415,57.58558442,57.57063667,57.51263294,57.40952354,57.27637289,57.14129735,57.0327461,56.96148131,56.91763382,56.8723928,56.7877015,56.63088356,56.38945116,56.08059066,55.75011928,55.46436413,55.27883125,55.20422772,55.20360089,55.19532534,55.0778027,54.76833707,54.24227872,53.55532383,52.83715223,52.27201395,52.01998115,52.14686725,52.63113775,53.37226189,54.23416318,55.09994148,55.91416458,56.69511312,57.51392838,58.460492,59.57849071,60.84737059,62.20622768,63.5820864,64.92127284,66.20501065,67.44418097,68.65927706,69.85866081,71.02160725,72.11457596,73.10527871,73.97525708,74.72355273,75.35978176,75.89445251,76.33394777,76.68338957,76.95466982,77.17012066,77.36950486,77.57883675,77.80400039,78.02846043,78.22582575,78.38293518,78.52141926,78.7021471,79.00706109,79.50567148,80.17504558
5,32.95464878,32.42656998,31.91200978,31.42743732,31.00234255,30.67650234,30.5003867,30.53613086,30.81733957,31.36929916,32.19160247,33.2546906,34.50278494,35.86168066,37.24891938,38.58453069,39.80077304,40.84452181,41.68070185,42.30953228,42.73204431,42.9564767,43.00094319,42.89898979,42.70247823,42.47662313,42.28622223,42.17809554,42.17148159,42.25095356,42.38588841,42.56742939,42.82369086,43.22161916,43.84627086,44.76350055,45.98122544,47.4265508,48.95050045,50.34693432,51.42570855,52.08964244,52.33125079,52.22681518,51.8992363,51.4711129,51.02715301,50.5988683,50.17339184,49.71811306,49.20412438,48.63624692,48.04203824,47.45822403,46.91607996,46.43202368,46.00776286,45.63841014,45.32308872,45.07175876,44.90613362,44.85832342,44.93932577,45.15430123,45.49737727,45.95714482,46.52322895,47.19001707,47.95537359,48.81497879,49.75516494,50.74750647,51.74251727,52.68279976,53.50984964,54.16974401,54.61891428,54.82850877,54.78784025,54.50649788,54.01360591,53.3528648,52.56906,51.71438703,50.81694601,49.8890958,48.93472174,47.95990182,46.98416705,46.0487694,45.2201832,44.58904418,44.27698946,44.42571642,45.12684926,46.45351408,48.41428579,50.93189325,53.84162494,56.91525746,59.90458681,62.58974641,64.81735888,66.48386524,67.64526796,68.39356025,68.83370565,69.05831917,69.12818945,69.07150271,68.89929076,68.62690543,68.28887321,67.939872,67.63882248,67.41089196,67.2421292,67.08585755,66.88598247,66.6059302,66.24889593,65.85919044,65.50344218,65.23989682,65.09822834,65.03795276,65.00100835,64.93403448,64.81605565,64.66953546,64.55004178,64.51977173,64.61768087,64.8403152,65.1423023,65.44684136,65.69182119,65.8442416,65.90204864,65.88593386,65.82670364,65.75601252,65.70383655,65.70063185,65.78148744,65.97818196,66.29388682,66.70684327,67.16474375,67.59670273,67.93497857,68.13719745,68.19918855,68.15223068,68.04592287,67.92585046,67.81081712,67.68985612,67.53898806,67.3390733,67.08824492,66.80279486,66.50708782,66.21864698,65.9375299,65.64435827,65.31566357,64.94224208,64.53544498,64.12336732,63.73778728,63.3992301,63.10853255,62.8495089,62.60114521,62.35310683,62.11506197,61.91001517,61.75932601,61.668785,61.62317652,61.59258319,61.54701155,61.47112435,61.37064264,61.26801522,61.18601604,61.12859881,61.07984018,61.0119134,60.89997782,60.73536994,60.52980613,60.30846653,60.09614955,59.9050886,59.72551426,59.53663502,59.32167229,59.07652546,58.8111199,58.54259116,58.28523255,58.04398934,57.8152231,57.5946022,57.38440983,57.19413862,57.03210596,56.89402125,56.75770345,56.58975759,56.36378625,56.08128458,55.78301835,55.54967329,55.46607925,55.57515444,55.87037497,56.29720101,56.78038469,57.2622588,57.7327454,58.23567869,58.847526,59.64969138,60.66093913,61.83805584,63.10687305,64.39320568,65.65415658,66.88881463,68.1249386,69.39092183,70.68962964,71.98358174,73.21507719,74.33736787,75.32979079,76.1990615,76.96469447,77.64003814,78.22170678,78.69433241,79.04825707,79.29273374,79.48668684,79.6910691,79.95327965,80.28774144,80.6726961,81.06633257,81.43500464,81.77680273,82.12578687,82.53612508,83.02967695
6,17.25671336,17.00853493,16.70545642,16.32761868,15.89211599,15.4513496,15.08417347,14.88590675,14.91686673,15.2097975,15.75878209,16.52126808,17.42624634,18.3849527,19.30248671,20.09129044,20.6867781,21.0572392,21.21889077,21.2433922,21.20295667,21.15807308,21.14071598,21.15144455,21.17049992,21.1768788,21.16536854,21.15238712,21.16899008,21.23894053,21.35343607,21.47521421,21.5518354,21.54216074,21.44191783,21.29447897,21.17949588,21.18284639,21.36046439,21.71711578,22.17806384,22.63635124,22.99811533,23.21118027,23.27949188,23.25357983,23.20349412,23.18793432,23.23355654,23.33234495,23.45529143,23.57325001,23.67989665,23.78839879,23.91908025,24.08295487,24.27054062,24.45255413,24.59242082,24.66397629,24.66465624,24.62067369,24.58113354,24.58875683,24.67126313,24.83653019,25.07707835,25.3797487,25.7341482,26.13498276,26.5776188,27.05031964,27.52503832,27.96450706,28.3320883,28.60183917,28.76566096,28.83344705,28.82672427,28.76918857,28.67854395,28.56308217,28.42199692,28.25565129,28.06682012,27.86245646,27.65126003,27.43992652,27.23137625,27.0270448,26.83302379,26.66741126,26.56810156,26.59340897,26.79417564,27.21128392,27.8553754,28.69694383,29.66847037,30.67907816,31.63623387,32.4661529,33.12641735,33.59741113,33.91212872,34.1079057,34.21802103,34.26446052,34.25533069,34.18982459,34.06801098,33.90036479,33.71175354,33.5385878,33.41614519,33.35561013,33.34544709,33.35600433,33.35439261,33.32141566,33.2619133,33.20248258,33.17638892,33.2020012,33.26485182,33.30872861,33.2718967,33.11314181,32.83713836,32.50234766,32.20599792,32.05031655,32.10293942,32.36870278,32.78822897,33.24422427,33.63473134,33.9026697,34.04396038,34.09604222,34.11142116,34.13058838,34.16757304,34.21390282,34.25648933,34.30067294,34.37811394,34.53248601,34.79765053,35.17770653,35.64033835,36.12734162,36.57737179,36.94997944,37.23917967,37.47211109,37.69695251,37.94325835,38.21552389,38.49458712,38.75062122,38.95988191,39.11666883,39.23503263,39.34008237,39.45513535,39.58568542,39.72002238,39.83878214,39.92619954,39.97849907,40.00574229,40.02732927,40.06425419,40.13233687,40.24175131,40.39158692,40.57818121,40.79680707,41.03973504,41.29433957,41.54294597,41.7661328,41.94871616,42.08573947,42.18378692,42.26320053,42.34222174,42.42778259,42.51211189,42.57557253,42.59621729,42.56232097,42.48242461,42.38783686,42.3286951,42.3510598,42.46972597,42.6641353,42.87878623,43.03963323,43.08114462,42.97536963,42.7511676,42.49278399,42.32254577,42.3393307,42.55338142,42.88179664,43.15844817,43.18544987,42.80885217,41.99052173,40.84474138,39.61983747,38.65498009,38.23446277,38.46278314,39.28292233,40.49832125,41.8544412,43.13647725,44.2419496,45.19904323,46.12729358,47.17199081,48.40489651,49.78942475,51.22254548,52.58884641,53.81628646,54.90296174,55.90503569,56.89624128,57.92241733,58.97214009,59.98249746,60.88670877,61.6467562,62.26786694,62.78883306,63.25703233,63.70339604,64.13088739,64.52149166,64.84912545,65.11419712,65.32890874,65.50902726,65.66323611,65.79295734,65.90523838,66.03066444,66.23140811,66.59025544,67.18286256,67.98746374
7,33.82809289,33.27311915,32.70925827,32.1475251,31.62027895,31.17925853,30.89408731,30.85046324,31.09796849,31.66980936,32.56369952,33.73962935,35.12556592,36.62822818,38.14595646,39.58221648,40.85859996,41.91953994,42.73930547,43.33853615,43.7377413,43.95886967,44.02283588,43.95439322,43.78950861,43.57849849,43.38032694,43.24890529,43.22127548,43.30120126,43.46241788,43.68202186,43.95790917,44.32169417,44.83348448,45.55765798,46.52849199,47.72053913,49.03798365,50.32061008,51.39028703,52.12920136,52.49460986,52.52544809,52.31882254,51.98944074,51.62941031,51.28394537,50.95004967,50.59495985,50.1787488,49.69174103,49.15286597,48.59914488,48.07004093,47.59294921,47.17714022,46.81807383,46.50858008,46.25026846,46.06023597,45.97440333,46.01762419,46.21042391,46.5589024,47.05559392,47.684758,48.42830383,49.26876141,50.18795712,51.16281832,52.16013361,53.13299042,54.03278032,54.81230345,55.43114165,55.85903792,56.07717622,56.07849512,55.86797923,55.46256434,54.88960947,54.17684832,53.36871121,52.49430836,51.57354267,50.6203419,49.64872686,48.68112331,47.75641011,46.93559453,46.3036363,45.97766528,46.09586298,46.74661186,47.99623165,49.84396379,52.20356646,54.90602344,57.72701714,60.43130462,62.81877256,64.75838243,66.17029796,67.1240693,67.71790606,68.05678078,68.2279742,68.28314295,68.23908021,68.09469301,67.8542351,67.54418851,67.21594641,66.93167992,66.7244363,66.58814438,66.48060349,66.34445615,66.13646175,65.85063799,65.52361825,65.21890814,64.99662466,64.89048618,64.86274667,64.85250542,64.80019877,64.67977383,64.51502859,64.37214833,64.33130886,64.44996444,64.73473265,65.13597099,65.55273389,65.89396985,66.10460484,66.17531928,66.13640568,66.03936043,65.93665517,65.86846712,65.85970087,65.92658322,66.07885108,66.31277904,66.61634516,66.96082604,67.30279758,67.59435693,67.79794918,67.89912889,67.91059374,67.86483152,67.79967012,67.73919765,67.68232448,67.61188177,67.50721604,67.35675952,67.16401596,66.94464213,66.71690872,66.49147832,66.26600281,66.02809217,65.7682043,65.48648741,65.19378524,64.90603438,64.63584926,64.38684012,64.15445723,63.93295181,63.72609432,63.54908034,63.4225267,63.36077638,63.36049926,63.39758848,63.43484022,63.43759289,63.38944671,63.29973115,63.19978287,63.12615208,63.09462114,63.09520004,63.09721641,63.06447922,62.97274827,62.82056026,62.6284328,62.42750925,62.24523262,62.08823494,61.94143146,61.78093542,61.58508472,61.34339508,61.05905489,60.74595433,60.42346354,60.11188814,59.83258385,59.60095323,59.4206587,59.28159863,59.15465962,58.99543356,58.75870966,58.42039832,57.99752708,57.55490208,57.20181461,57.04603589,57.14078161,57.4792369,57.99532239,58.59406407,59.19522645,59.76969452,60.35069843,61.01463016,61.85113988,62.89305921,64.10669905,65.42025394,66.75551944,68.06281642,69.33625731,70.60308507,71.89503705,73.21845633,74.53414925,75.77521049,76.88206576,77.82398355,78.60710643,79.26317707,79.82843641,80.32532602,80.75720644,81.11778705,81.40303974,81.64097801,81.86530597,82.10454399,82.36695033,82.63732581,82.88985676,83.11153358,83.32114705,83.5710748,83.93120571,84.42457446
8,30.66070126,30.16431849,29.67841152,29.21458913,28.79577432,28.45672866,28.24646131,28.23033246,28.45019168,28.93835627,29.69887264,30.70261183,31.89042507,33.18253995,34.49101328,35.73270116,36.84067489,37.76725967,38.48793148,39.01496036,39.35956002,39.53606879,39.56282353,39.46755279,39.29198921,39.09019606,38.9184747,38.82025768,38.81624343,38.89469378,39.02522889,39.19212326,39.40993269,39.72951238,40.22417372,40.95905416,41.95569768,43.1672547,44.47639772,45.70795624,46.68649715,47.3103507,47.55694595,47.4831583,47.19662381,46.81429453,46.42534863,46.07176658,45.7508184,45.43427361,45.09087216,44.71261351,44.31450299,43.92335525,43.56445419,43.2513895,42.98400722,42.75440893,42.55671074,42.39467137,42.28394177,42.25103392,42.3092872,42.46600048,42.71870308,43.06023264,43.48572094,43.99720713,44.60287854,45.31073412,46.11923781,47.01007971,47.9362809,48.83444031,49.63763782,50.28398976,50.72619925,50.93760008,50.9144217,50.67447638,50.25235887,49.69170481,49.03232909,48.31510153,47.55940869,46.77250601,45.95691754,45.11931398,44.27882206,43.47260545,42.7581003,42.21253923,41.94041531,42.06646667,42.67618959,43.842224,45.58244666,47.8382602,50.47005759,53.27616571,56.03087589,58.52851062,60.61981025,62.19858587,63.30597894,64.02110934,64.4399496,64.65132611,64.71672197,64.66663656,64.51253057,64.26607943,63.95438875,63.62357633,63.32801041,63.09688906,62.92602332,62.78053194,62.61265028,62.38629277,62.09625345,61.77233739,61.46606584,61.22579936,61.07834443,60.99326698,60.92248725,60.8193996,60.66334721,60.47118344,60.29072388,60.17946343,60.17873234,60.29543934,60.5013156,60.73618832,60.94723908,61.10309669,61.19555681,61.23357925,61.23365176,61.21346996,61.19199276,61.19383095,61.25481999,61.41722673,61.70270251,62.10951388,62.60262683,63.12010514,63.5913465,63.95958764,64.19895046,64.31847654,64.35148625,64.33629919,64.30001984,64.24200014,64.14722626,64.00056545,63.7992235,63.5566972,63.29664715,63.04043823,62.79572407,62.55174452,62.28630807,61.98420626,61.64570663,61.28776721,60.93643757,60.6149621,60.33430877,60.09107171,59.87350685,59.67298664,59.4898873,59.33487692,59.21960501,59.14650739,59.10383829,59.06873923,59.01717054,58.93501579,58.82416728,58.70053081,58.58423216,58.48330788,58.39081162,58.28911799,58.1600999,57.99542174,57.80128441,57.59507726,57.3961056,57.21647251,57.05158177,56.8857241,56.70289946,56.49403616,56.26059614,56.01285389,55.76516221,55.53173581,55.32486883,55.1577201,55.03871531,54.96715146,54.93010405,54.89697815,54.82367025,54.66719749,54.40675727,54.0614627,53.69422998,53.40552635,53.28968151,53.38848784,53.69016555,54.13457505,54.64296261,55.15566301,55.65949625,56.19133344,56.81633687,57.60084423,58.5554301,59.63934826,60.79042904,61.95334133,63.10394547,64.25272905,65.42668694,66.64128625,67.87945891,69.08336297,70.1904972,71.16565432,72.01204204,72.76523077,73.46839618,74.14444404,74.78097411,75.33771534,75.77332665,76.06724212,76.27060339,76.4527852,76.6798828,76.98577713,77.35978866,77.75813762,78.13418199,78.46985247,78.78914026,79.14898153,79.58851883
9,28.804815,28.33885228,27.84793944,27.33043308,26.81447897,26.35598375,26.03341058,25.94132546,26.13384802,26.64149542,27.45504595,28.52665123,29.77849404,31.1149906,32.43562616,33.6479882,34.68075511,35.48925889,36.06492416,36.44840276,36.67983469,36.79589128,36.82218096,36.77519392,36.6708829,36.53355604,36.39861415,36.30624781,36.29163239,36.36643636,36.51109157,36.69715745,36.9029256,37.13146783,37.41728807,37.81568918,38.37739791,39.11886236,40.0018259,40.92869312,41.76078514,42.38478222,42.73921556,42.82962604,42.71931686,42.50009716,42.25643114,42.03819394,41.85198658,41.67214989,41.46070513,41.20013724,40.90093971,40.59318556,40.31108976,40.07667961,39.89130836,39.73900859,39.59934077,39.46252969,39.33941104,39.26556004,39.2784966,39.40910413,39.67125603,40.06069672,40.56126404,41.153841,41.82253822,42.55482272,43.33620768,44.14253708,44.93298358,45.66058534,46.27938862,46.75330652,47.0619526,47.2011842,47.1793724,47.01193355,46.71663215,46.31112052,45.80776133,45.23051595,44.59747361,43.92519821,43.22864805,42.52179679,41.82088832,41.15043616,40.55053133,40.08268331,39.83939193,39.93681907,40.45447783,41.44979205,42.91967149,44.78608524,46.9025617,49.08244761,51.13930134,52.92466305,54.35172488,55.37692181,56.06635005,56.49811454,56.74717845,56.87031509,56.89771818,56.83799132,56.69271962,56.47254861,56.20623913,55.9390923,55.71868997,55.56466891,55.46642979,55.38822109,55.28722878,55.13553536,54.93516352,54.71835924,54.53216725,54.41380853,54.37229129,54.36275505,54.3278384,54.22067955,54.03128964,53.79745518,53.59427368,53.50568978,53.58972209,53.85266964,54.24573238,54.66810722,55.02806766,55.26879205,55.37784008,55.38154083,55.32698797,55.26175355,55.22046307,55.22227863,55.27860383,55.39949035,55.59066293,55.8553349,56.18342537,56.54770939,56.90808373,57.22310574,57.46379947,57.62302973,57.71555437,57.76949044,57.81445158,57.86081759,57.90304479,57.92638207,57.91708147,57.87048754,57.79316471,57.69854633,57.59914501,57.49965133,57.39423374,57.27300827,57.12866744,56.96085952,56.77649677,56.58662833,56.40253776,56.23354296,56.08747295,55.97543972,55.90663162,55.88853412,55.92238471,55.99806133,56.09409124,56.18331271,56.2425059,56.26136284,56.24617753,56.2162167,56.19397604,56.18844135,56.1922107,56.18549252,56.14623469,56.06160788,55.93517823,55.7862741,55.64206918,55.52779162,55.45067901,55.39682473,55.3399946,55.24961867,55.10112441,54.88447419,54.60919902,54.30481425,54.01543785,53.79356999,53.67323775,53.64902265,53.67693096,53.6770709,53.55560512,53.23974281,52.71372785,52.03959689,51.35025735,50.82990893,50.63151839,50.80777994,51.32038441,52.05288781,52.86112449,53.63351732,54.3342969,55.01007061,55.7577509,56.68023121,57.80496376,59.0773643,60.40078925,61.68074386,62.86841674,63.9770769,65.06490409,66.19507267,67.3946101,68.63000554,69.81755131,70.87701668,71.7626271,72.47709437,73.06117173,73.56736147,74.03304849,74.46677579,74.8538409,75.16947409,75.41873152,75.6231189,75.81327352,76.01367243,76.23391008,76.4723093,76.72923013,77.020135,77.37794208,77.84161452,78.40727229
10,30.53250374,30.02314787,29.48490974,28.92051097,28.36250671,27.87088086,27.52792347,27.43197387,27.63844884,28.17907915,29.04495779,30.18752396,31.52698394,32.96414368,34.39299874,35.71397928,36.84794903,37.7430062,38.38586787,38.81815809,39.08311322,39.22170246,39.26321404,39.226099,39.1265919,38.98867184,38.84822436,38.74769128,38.72636209,38.80069528,38.95379372,39.15742842,39.38780666,39.64503631,39.96169737,40.39356229,40.99418298,41.7835737,42.7253062,43.71983013,44.62085286,45.30536494,45.703521,45.81665682,45.70953727,45.48026012,45.2216028,44.99024089,44.7953423,44.60884783,44.38621505,44.10355579,43.76837536,43.41202283,43.07364532,42.78170512,42.54293541,42.34398396,42.1642479,41.99259104,41.83968592,41.7446228,41.75048925,41.89472754,42.19549448,42.64816277,43.23083823,43.91465583,44.67282077,45.48393666,46.32906419,47.18426433,48.01382489,48.77692629,49.43101591,49.93969119,50.27862152,50.43770339,50.41972814,50.23712932,49.90844797,49.45553963,48.89661176,48.26165894,47.57139498,46.84219608,46.08722984,45.31902908,44.55466796,43.82274656,43.17031602,42.6671064,42.41368172,42.53126366,43.09736109,44.16469667,45.7224968,47.68369348,49.89306717,52.15667797,54.28275216,56.11946491,57.57855132,58.61599395,59.30247346,59.72199727,59.95642881,60.06894289,60.09371105,60.03961248,59.90484992,59.69454541,59.43220536,59.16021963,58.92762531,58.75910358,58.64920315,58.56544209,58.46507426,58.31737459,58.12043555,57.90369625,57.71415199,57.591917,57.55107668,57.55007732,57.53208407,57.44793691,57.28394775,57.07484164,56.89484272,56.82945235,56.9394599,57.23298592,57.66013364,58.11499574,58.4994441,58.75156663,58.85734246,58.84587582,58.77038426,58.68552755,58.63120519,58.62814563,58.68528553,58.80693163,58.99316581,59.24378325,59.54799195,59.88021935,60.20335352,60.4792395,60.68185798,60.80652746,60.87006596,60.90256765,60.9336512,60.97301674,61.01340208,61.03777546,61.03028406,60.98498298,60.9082171,60.81398006,60.7154428,60.61741247,60.51336198,60.39280752,60.24878099,60.08265443,59.9040978,59.72674744,59.56278093,59.41956572,59.30019958,59.20902175,59.15033831,59.13082355,59.15497823,59.21898364,59.30817163,59.39980195,59.47079739,59.50661279,59.50674707,59.48349827,59.45694818,59.43923879,59.42976895,59.41671251,59.38392382,59.31990678,59.22414207,59.10767102,58.98794812,58.8816935,58.79427534,58.71705861,58.63295835,58.52168765,58.36617449,58.15798655,57.90116349,57.61407742,57.32776873,57.08352541,56.91409491,56.82353881,56.78331523,56.73060095,56.58389816,56.27291563,55.77307121,55.12932905,54.45609569,53.92410314,53.68828606,53.81711303,54.29387594,55.02192637,55.86678321,56.71205527,57.50422456,58.26635031,59.07571008,60.02648109,61.1578256,62.43732236,63.78999257,65.13350499,66.41593974,67.63312207,68.81885681,70.01558701,71.24227255,72.47228918,73.64447989,74.69760628,75.59339848,76.32747674,76.92278243,77.4130726,77.82713397,78.18202032,78.48698675,78.75037757,78.99440326,79.23737397,79.4874633,79.73673073,79.9665059,80.16389932,80.34074295,80.54137871,80.83163395,81.27309912,81.85520346
11,18.1030469,17.81547021,17.46517857,17.03300951,16.53907578,16.04136862,15.6268663,15.40114132,15.43105123,15.75235219,16.35653671,17.1929305,18.17864008,19.21209383,20.18770842,21.0118392,21.61969728,21.98470446,22.13247511,22.14428387,22.09778215,22.05432289,22.04271682,22.05836722,22.07698392,22.07576137,22.05113356,22.02372544,22.02954617,22.0954827,22.21193706,22.33835517,22.41805627,22.40689597,22.30040263,22.1447957,22.02440363,22.02954081,22.21832926,22.59460746,23.07891484,23.55887751,23.93674947,24.15906419,24.23115333,24.20656878,24.15840382,24.14699282,24.19856967,24.30307081,24.4287136,24.54504818,24.6463713,24.74806489,24.87333247,25.03542739,25.22535451,25.4121785,25.55606867,25.62728912,25.62085227,25.5629853,25.50680024,25.50060535,25.57810536,25.75160453,26.01488586,26.35224058,26.7474659,27.18786117,27.66199574,28.15350705,28.6343745,29.07157921,29.43368864,29.69924968,29.86228068,29.93204093,29.92762979,29.87031329,29.77704947,29.65774953,29.51523397,29.35272736,29.17315715,28.98048498,28.77833191,28.56864445,28.35255483,28.13415833,27.92602031,27.75386171,27.66111348,27.70573033,27.9309768,28.36786173,29.01836453,29.84948572,30.79705249,31.77879019,32.71188117,33.52878296,34.1870054,34.6603826,34.97169157,35.15133009,35.23168326,35.24062721,35.19657742,35.10898486,34.98358606,34.82935827,34.66300412,34.5090135,34.39190179,34.31980727,34.28463127,34.26479884,34.23649172,34.18713531,34.12381057,34.07104794,34.05734414,34.09579332,34.1674183,34.21431803,34.17442733,34.00702108,33.71789516,33.36748197,33.05594438,32.88895223,32.93696926,33.205638,33.6333897,34.09715748,34.48900858,34.74833666,34.87199462,34.90306852,34.9024108,34.91798362,34.96678742,35.03683556,35.1056226,35.16619851,35.24294006,35.37927058,35.61590465,35.96795932,36.41359485,36.90013465,37.36462274,37.75878071,38.06602716,38.30387493,38.51901925,38.74507832,38.99404427,39.25392014,39.49856473,39.70326086,39.85781542,39.97095339,40.0645271,40.16226228,40.27449442,40.39457808,40.50623201,40.59341435,40.64905475,40.67877784,40.69882301,40.73005955,40.79137727,40.89808751,41.05271574,41.2511469,41.48455576,41.73902491,41.99641753,42.23686839,42.44326764,42.60634997,42.72806201,42.82027049,42.90309811,42.99020347,43.08281142,43.16923311,43.23003393,43.24783116,43.21769744,43.1536706,43.08787823,43.06505683,43.12031238,43.25874442,43.45523367,43.65686581,43.79833863,43.82518214,43.71774014,43.50635334,43.26881045,43.11485223,43.13071044,43.3216677,43.60813443,43.834413,43.81565881,43.40811989,42.57714066,41.4331409,40.21581684,39.25507501,38.83108562,39.05225143,39.87068699,41.10002131,42.4922788,43.83278252,45.01266029,46.04929781,47.05021612,48.14924561,49.41274968,50.80408568,52.22301004,53.55870362,54.74429942,55.78300049,56.73586229,57.68128923,58.66919248,59.69184596,60.68655236,61.58471541,62.34476233,62.96690333,63.48430696,63.93926019,64.35967206,64.74904011,65.0941991,65.37868741,65.61356683,65.81875069,66.01242098,66.19872644,66.36817623,66.5135617,66.65275947,66.8414308,67.1641043,67.70591179,68.45892982
12,16.63375257,16.3881002,16.09634397,15.74313514,15.3442747,14.94553973,14.61567556,14.43841758,14.46711079,14.73128975,15.22575733,15.91156168,16.72306006,17.57804198,18.38925429,19.07763831,19.58698198,19.89257262,20.01378593,20.01814654,19.97132398,19.92620867,19.90882491,19.91713708,19.93214828,19.93534405,19.92337045,19.91209135,19.92924791,19.99415286,20.09620369,20.20017787,20.25939279,20.23989245,20.14256233,20.01099098,19.91925384,19.94363896,20.13017114,20.47655229,20.90920594,21.3288671,21.65141524,21.83312459,21.88212723,21.8480262,21.7961932,21.77959049,21.82072131,21.91046273,22.02162858,22.12874556,22.22839583,22.33533331,22.47026275,22.64398036,22.84667882,23.04858435,23.21185785,23.30758805,23.32866568,23.29484399,23.25072745,23.23646297,23.28020254,23.39294153,23.57180472,23.80833591,24.09606887,24.43283651,24.81687099,25.23998371,25.67740535,26.09304518,26.44922655,26.71595927,26.87907026,26.94254292,26.92471219,26.85051691,26.74326678,26.61913283,26.4854112,26.34383683,26.19366187,26.03494921,25.86913856,25.69835915,25.52509791,25.35348548,25.19244209,25.05959918,24.98673704,25.02084004,25.20372077,25.57306776,26.14620537,26.9099264,27.81787613,28.79766645,29.76560701,30.64381824,31.37446712,31.91559377,32.28068191,32.49902977,32.60751482,32.6407836,32.62247426,32.56304062,32.46456819,32.32957089,32.16874743,32.00388108,31.86337951,31.76490886,31.71032884,31.68521077,31.66695617,31.63738566,31.59295826,31.54650438,31.51851268,31.52150235,31.54449188,31.54523831,31.47455925,31.29788427,31.01744673,30.68135526,30.37337108,30.18543725,30.18305078,30.37825457,30.72562695,31.12159321,31.46979849,31.71095709,31.8338357,31.86892422,31.86662329,31.87177617,31.90684856,31.97069815,32.05163131,32.14641245,32.27185674,32.45927155,32.73757857,33.11584041,33.57414597,34.06777627,34.54276758,34.95540024,35.2860226,35.54100958,35.75522222,35.95550175,36.15508836,36.35082325,36.52931951,36.67751952,36.79165912,36.88005838,36.95877074,37.0434488,37.1382308,37.23480923,37.31825666,37.37481694,37.39872856,37.39515469,37.37874327,37.36905605,37.38522987,37.44490757,37.55438598,37.71274175,37.91296616,38.14127114,38.37822113,38.60166325,38.79155067,38.93517675,39.03087531,39.08697702,39.12305542,39.15600185,39.1935721,39.23262752,39.26136334,39.26589017,39.23852757,39.18439506,39.12326246,39.08758064,39.10786881,39.19472393,39.33509749,39.49118456,39.61063197,39.64539564,39.57359474,39.41562488,39.23515285,39.12750079,39.17099674,39.3731673,39.6644376,39.90447262,39.9243935,39.5914334,38.87218241,37.86627361,36.79197372,35.94956252,35.59298517,35.8182493,36.57796703,37.69905409,38.95439384,40.1503188,41.19256375,42.10402646,42.99067107,43.98345024,45.14901824,46.45672291,47.81483568,49.11824164,50.29888782,51.35147246,52.32491565,53.28772955,54.28710936,55.32130679,56.33791472,57.27415588,58.08614771,58.76438231,59.33041571,59.82052117,60.267295,60.6888937,61.08973065,61.46613053,61.82014597,62.15136154,62.4533781,62.71254799,62.91666245,63.07192289,63.21843547,63.43079493,63.79917959,64.39728169,65.19683657
13,25.99337121,25.54432899,25.12348519,24.74328142,24.42068722,24.17766395,24.04449059,24.06314816,24.25991805,24.6580151,25.26216104,26.05310426,26.98795821,28.0060443,29.03825434,30.01775923,30.88979425,31.61438763,32.16926122,32.56148039,32.79727395,32.88702358,32.84769762,32.70804952,32.51123176,32.31019164,32.15521384,32.07848815,32.08591326,32.15264398,32.24518409,32.35422369,32.50908133,32.77809366,33.24712621,33.98255976,34.99384029,36.21229317,37.49717007,38.65556062,39.51400725,39.99000369,40.0871873,39.88743912,39.51377768,39.08550469,38.68390113,38.34014266,38.04587815,37.77721199,37.51947213,37.27896367,37.07709785,36.93362994,36.85301434,36.82037682,36.80905471,36.79510224,36.77019953,36.74541149,36.74421168,36.79001252,36.88234459,37.00471554,37.13361892,37.25559723,37.38176047,37.55184658,37.82469228,38.25816701,38.88590847,39.70414397,40.64725594,41.61088816,42.48663245,43.17834195,43.61985056,43.78363482,43.68059478,43.35287864,42.86190075,42.27393496,41.64652028,41.01847944,40.3994087,39.7808962,39.14778397,38.49127116,37.82002181,37.16617421,36.58554874,36.1538099,35.97028529,36.1511013,36.77750989,37.92421629,39.62364286,41.84435072,44.48028711,47.3589009,50.26817335,52.99437441,55.35943032,57.21261443,58.55110135,59.42816074,59.93466812,60.17391337,60.2330946,60.16799404,60.00497216,59.75611649,59.43746641,59.07996227,58.72978873,58.42340471,58.17329193,57.96447659,57.76362446,57.53731899,57.2699239,56.97161123,56.67240545,56.40513362,56.18984167,56.00797623,55.82632283,55.61219089,55.35218827,55.06127964,54.77776312,54.54688819,54.40152492,54.34956479,54.37642233,54.44726382,54.534564,54.62533278,54.71656646,54.80707893,54.89116453,54.96024974,55.01299224,55.06792211,55.17242555,55.39642228,55.78906963,56.36576569,57.09183476,57.88859357,58.65737443,59.31106474,59.79946206,60.11789086,60.29592799,60.37256362,60.38427033,60.33464258,60.2126313,60.00920868,59.73158371,59.40650144,59.070758,58.75405421,58.46411135,58.1816925,57.87130693,57.50945755,57.09614132,56.6558291,56.22547307,55.83634923,55.49981758,55.20469536,54.92769179,54.65127586,54.37949859,54.1372163,53.95424903,53.84655791,53.80368779,53.78952441,53.75657452,53.66638713,53.50555393,53.28845695,53.05317271,52.83121924,52.63462449,52.45506006,52.27283562,52.07082869,51.84496512,51.60553814,51.369507,51.15000767,50.94448336,50.73893546,50.52048501,50.28706815,50.05173929,49.83801962,49.66903183,49.5565677,49.49608432,49.47099933,49.45861597,49.44432666,49.42211508,49.38852027,49.33668673,49.25553202,49.13639978,48.98422748,48.82579157,48.71319475,48.70305172,48.82635553,49.08136355,49.43219336,49.82637799,50.2221467,50.61181874,51.02875453,51.53352478,52.19454373,53.03389767,54.02450707,55.11253612,56.24026457,57.37110013,58.49943772,59.64162974,60.81464076,62.01563664,63.20985465,64.34877637,65.39547623,66.33701779,67.18496244,67.96150622,68.68106414,69.33881552,69.91382353,70.38541118,70.74616875,71.03938282,71.3180733,71.63220272,72.00889572,72.4440905,72.91007621,73.37514896,73.82381539,74.26433291,74.72039475,75.20290326
14,25.73806377,25.32391126,24.86952194,24.3646798,23.83284907,23.3308827,22.94301076,22.77286976,22.88438686,23.31367451,24.05306026,25.05214142,26.22714325,27.47426628,28.68422103,29.75774468,30.62183734,31.23818149,31.61616381,31.82179117,31.91937361,31.96244123,31.98023831,31.97778504,31.94789836,31.88810124,31.81286276,31.75400579,31.75110523,31.82804111,31.971777,32.14538843,32.30361164,32.41843851,32.49923979,32.59570819,32.77987658,33.11395266,33.61806199,34.25434884,34.91665725,35.48902187,35.88598633,36.07718831,36.09225138,36.00180701,35.88469512,35.79676223,35.75445618,35.73865186,35.71191213,35.64882509,35.55183148,35.44529016,35.36050284,35.31750343,35.31367026,35.32526329,35.32098338,35.28017763,35.20622162,35.13258567,35.10826576,35.1763098,35.36247956,35.6704305,36.08620578,36.5879112,37.15438719,37.76836738,38.41359285,39.06802116,39.69831146,40.26799329,40.7425458,41.09748861,41.3229837,41.42318141,41.41136571,41.30374589,41.11475872,40.85553359,40.5317702,40.15695722,39.74194579,39.29717089,38.83170334,38.35334478,37.87166652,37.40384048,36.98122327,36.65362665,36.49479025,36.59376865,37.00653486,37.76744485,38.86293953,40.22508284,41.74063914,43.27414774,44.6968605,45.9112963,46.8647552,47.53393418,47.96996786,48.22949721,48.36548282,48.41732201,48.4052142,48.33378674,48.20268197,48.01864261,47.8027505,47.58985227,47.41767727,47.30243163,47.23642235,47.19133475,47.13279573,47.03873313,46.91219433,46.78130782,46.68504419,46.65047901,46.67409668,46.70336858,46.67570316,46.54388233,46.30380183,46.00555231,45.74095246,45.61075387,45.684238,45.96883882,46.40595757,46.87533088,47.26911856,47.52397965,47.63243483,47.63390446,47.58893161,47.55040684,47.54537406,47.57436495,47.62609719,47.69704054,47.80199844,47.96786326,48.21576997,48.54494608,48.92692122,49.31376972,49.65656388,49.92483491,50.11716506,50.25919161,50.39281937,50.5425817,50.71119231,50.88156535,51.02829666,51.13175704,51.18770346,51.20806189,51.21330391,51.2216058,51.23708542,51.25048912,51.24728395,51.21643185,51.15641015,51.0760802,50.99116911,50.9189518,50.87409198,50.8699327,50.91185923,51.00185943,51.13763618,51.30920793,51.49785503,51.67872321,51.82745769,51.9284481,51.9809698,51.99924667,52.01044514,52.0358194,52.08214984,52.13923087,52.18418135,52.19172733,52.14617257,52.04996973,51.92535488,51.80998627,51.74112799,51.73407244,51.77827243,51.83732923,51.85982532,51.79802252,51.62901228,51.37026894,51.08105312,50.85219388,50.76179544,50.8237464,50.98067986,51.10859766,51.05521169,50.6999814,50.01340648,49.08841198,48.12601634,47.39951182,47.12995179,47.38609936,48.10271758,49.10465322,50.18189708,51.17491309,52.03217803,52.81517109,53.65126579,54.67007169,55.903434,57.27853952,58.67260377,59.97220557,61.12660742,62.16372215,63.16335516,64.20433914,65.31488054,66.44745326,67.50379115,68.40332476,69.11850888,69.68367963,70.17076951,70.6473962,71.14075654,71.62716368,72.05281541,72.36257235,72.56546834,72.7057058,72.84094178,73.01029876,73.21627812,73.43229716,73.63256031,73.82501444,74.06509512,74.44392341,75.00408363
15,31.92627101,31.35679534,30.80718435,30.29679557,29.8512259,29.50386027,29.30055304,29.30347775,29.55118776,30.074191,30.87459152,31.92071317,33.1504868,34.48167064,35.82521638,37.09867652,38.23717456,39.1952125,39.94880231,40.50783832,40.8793098,41.07314532,41.10515603,41.00384254,40.81499696,40.59849137,40.41579786,40.31284489,40.30971115,40.39193047,40.5276538,40.70349036,40.94010419,41.29605421,41.85014628,42.66712027,43.76056621,45.06955424,46.46077033,47.74502821,48.7435234,49.36174835,49.58915405,49.49504401,49.1947708,48.80563501,48.41055906,48.04231755,47.69070524,47.3252705,46.9182505,46.4710854,46.00681513,45.55676015,45.14644093,44.78676522,44.47471687,44.20192123,43.96543609,43.77437167,43.64989127,43.62215658,43.70160886,43.89092545,44.18251479,44.56585502,45.0354972,45.59492703,46.25377021,47.01930003,47.88603446,48.82870251,49.79316419,50.71281276,51.52126236,52.16041064,52.58772903,52.77983097,52.73331184,52.46379224,52.0029974,51.39341035,50.67679553,49.90013043,49.0886954,48.25340309,47.39681032,46.52251642,45.64590084,44.80295515,44.05496389,43.48833243,43.22074936,43.38957035,44.08300921,45.36923873,47.25370238,49.66090879,52.43491407,55.36268696,58.21408202,60.78493788,62.93060037,64.54871229,65.68397325,66.41635636,66.84216502,67.05157951,67.10888557,67.0480367,66.88309337,66.6261685,66.30239591,65.95436533,65.63371887,65.37048896,65.16414896,64.98520741,64.79072906,64.54683315,64.24702574,63.91708643,63.60378115,63.35231097,63.18939565,63.0884192,63.00589971,62.89895606,62.74849893,62.57072938,62.41153838,62.32644018,62.35537271,62.50405411,62.74182983,63.00384661,63.23130385,63.3873108,63.46137619,63.46553435,63.42497901,63.36950513,63.32946388,63.33568987,63.42259162,63.62169867,63.93963412,64.36258813,64.84937769,65.33917297,65.76800963,66.08766943,66.27893113,66.35338781,66.34293779,66.28242195,66.19710622,66.08770583,65.94309447,65.75265366,65.51648707,65.24800301,64.96791585,64.69326477,64.42808335,64.16013506,63.8690342,63.54250235,63.18330444,62.8093064,62.44561124,62.11321565,61.8204391,61.56161252,61.3234677,61.09643857,60.8816541,60.69188658,60.54251701,60.44114131,60.38130943,60.34353618,60.30318444,60.24065566,60.14860274,60.03213112,59.90558351,59.77949313,59.65608177,59.53041761,59.39511422,59.24549214,59.08191655,58.90811222,58.72725456,58.53849191,58.33733076,58.1205077,57.88945272,57.65085906,57.41331177,57.18209322,56.95606929,56.72967969,56.49950671,56.27302442,56.07098263,55.91571811,55.81828755,55.76585724,55.719765,55.62839323,55.4514421,55.18454337,54.87094895,54.59945859,54.46811302,54.5320469,54.79440514,55.20707829,55.69669939,56.20185001,56.70317663,57.23139248,57.84940937,58.62675381,59.58057532,60.67414302,61.84371422,63.0261852,64.18681483,65.32850527,66.47932653,67.66668064,68.89306387,70.12237245,71.29723557,72.36983005,73.31684963,74.14206687,74.86393293,75.49805734,76.04599711,76.49736474,76.84399305,77.09123103,77.28791913,77.48655113,77.73102793,78.03925332,78.39814648,78.77468287,79.13810697,79.48038729,79.82216648,80.20218229,80.63886958
16,25.9616779,25.52386386,25.08291447,24.64003112,24.2122444,23.83513872,23.56418243,23.47437847,23.61648442,24.02544243,24.70217114,25.60990914,26.67982181,27.82308373,28.94574104,29.96386215,30.8168596,31.47165237,31.92819648,32.22570537,32.39845012,32.47471408,32.47324566,32.40784809,32.29575844,32.16361328,32.0461746,31.9773775,31.98046515,32.05368015,32.17170103,32.30974493,32.45910302,32.64019996,32.90155973,33.30234752,33.88442115,34.64566501,35.52698798,36.41445649,37.16917332,37.691729,37.94005622,37.93804641,37.76033161,37.50129703,37.24198616,37.02805967,36.86572465,36.73422929,36.60590735,36.46688465,36.32466989,36.19849857,36.10641345,36.05432821,36.03283376,36.02300085,36.00747603,35.9804574,35.95148867,35.94381239,35.97861436,36.06920411,36.21940537,36.42813428,36.69693563,37.03545078,37.46083221,37.99033612,38.62990088,39.36543355,40.14872567,40.91199867,41.5859968,42.11128091,42.44911329,42.58602061,42.53226372,42.31602858,41.97544016,41.55033861,41.0738981,40.57338496,40.0594937,39.53327511,38.99147193,38.43310178,37.86637502,37.31449642,36.81928818,36.4420279,36.26881498,36.40367975,36.91812518,37.8690175,39.2660381,41.0564806,43.12472892,45.30989419,47.43680988,49.3497903,50.93901605,52.128127,52.95331476,53.47731057,53.77402591,53.91087321,53.93399201,53.86610694,53.71617467,53.4944255,53.22397709,52.94333225,52.69705248,52.50838571,52.37377032,52.26542476,52.14637317,51.99036095,51.79634629,51.5896572,51.40845822,51.28158206,51.21098464,51.15304654,51.05504722,50.87745199,50.61713082,50.314967,50.04337158,49.87844918,49.86885258,50.01559854,50.27394175,50.56129552,50.81007468,50.98540857,51.08626137,51.13443098,51.15725576,51.17457275,51.19643372,51.23102454,51.29734489,51.43148195,51.6679524,52.02841743,52.5048124,53.05557832,53.61666054,54.12261535,54.52819407,54.82050073,55.01617439,55.14612841,55.24284089,55.31353671,55.34934886,55.33666155,55.26988595,55.15807168,55.02195557,54.88341413,54.75384573,54.62783161,54.48691886,54.31624191,54.1134659,53.89079676,53.6683428,53.4631104,53.2805633,53.11406313,52.95282109,52.79464343,52.65389064,52.55543245,52.52076041,52.55311458,52.63058795,52.71200928,52.75397588,52.7305021,52.64497176,52.528238,52.42393343,52.35542927,52.31631885,52.27450702,52.18964063,52.03545004,51.81538531,51.56345115,51.32961233,51.16076693,51.06891937,51.02765147,50.9929474,50.92165929,50.79044776,50.60470343,50.39501399,50.2041677,50.07081617,50.02019562,50.04593399,50.11543354,50.18175112,50.18900773,50.084505,49.83473003,49.44194883,48.95462879,48.46455573,48.09947678,47.97063708,48.1244789,48.54427379,49.1526666,49.8435144,50.52584759,51.16045099,51.77182472,52.43018968,53.22060872,54.17891253,55.27723325,56.4499814,57.62553662,58.76070196,59.85628347,60.94685875,62.07181175,63.24431533,64.43173777,65.56848687,66.59571908,67.484027,68.2412076,68.89955658,69.49216568,70.0325734,70.50986312,70.90235675,71.19438253,71.41949068,71.62821955,71.8731769,72.1850927,72.5601073,72.96667146,73.36955078,73.7567601,74.15170692,74.60423599,75.13966961
17,33.22837635,32.59778688,31.97458418,31.38301463,30.85364147,30.42603842,30.15471247,30.11410441,30.35297322,30.91045664,31.79249889,32.96485493,34.356237,35.86960968,37.39773586,38.83975988,40.11610215,41.17312811,41.98874319,42.58608652,42.98594445,43.2090719,43.27517385,43.2090763,43.04836202,42.84553811,42.66064739,42.54624742,42.53529761,42.62603866,42.78886501,43.00089661,43.26373304,43.61494592,44.12041582,44.84772309,45.83063293,47.03997146,48.37475441,49.66994953,50.74518608,51.48314709,51.84268425,51.86444531,51.64674152,51.30511595,50.93277203,50.57688147,50.23723636,49.88392314,49.47930865,49.01248872,48.49935398,47.97295031,47.46921288,47.01371489,46.61607592,46.27367666,45.98149448,45.74208976,45.57149133,45.50231195,45.55587357,45.75013982,46.09056429,46.57114103,47.17913556,47.90006722,48.71982919,49.62286252,50.5878159,51.58262758,52.56028208,53.47067661,54.26436092,54.8978322,55.33753245,55.56195529,55.562786,55.34566751,54.92997746,54.34656847,53.62704796,52.81794398,51.94862119,51.03766863,50.09679655,49.13783731,48.18193028,47.26807949,46.45881867,45.84151858,45.53600375,45.68236078,46.36863874,47.65960303,49.55201329,51.95721369,54.70485823,57.57085529,60.32142344,62.75806894,64.75017212,66.21585264,67.21996396,67.85542002,68.22309616,68.40912762,68.46763068,68.42047259,68.27193014,68.0293591,67.71839894,67.38561158,67.0865833,66.85127702,66.67535593,66.52345645,66.34783084,66.11376643,65.81908276,65.49766857,65.2046528,64.98953882,64.87646336,64.82703133,64.78552553,64.70117985,64.5562204,64.3786662,64.23339814,64.1949937,64.31423531,64.59364821,64.98436468,65.39165926,65.73162867,65.95378695,66.04860039,66.0411581,65.97466723,65.89336004,65.83227471,65.81604721,65.86549465,65.99919205,66.22254515,66.53024795,66.8968714,67.2782474,67.62184779,67.88249139,68.03658513,68.08818165,68.06368064,67.99854557,67.92281119,67.84329018,67.75133631,67.63265231,67.47794799,67.28874437,67.07584138,66.85219031,66.6248861,66.39058545,66.13942321,65.86446632,65.56746189,65.25953532,64.95639076,64.67111653,64.40920396,64.16883454,63.94621892,63.7445224,63.57375062,63.4478425,63.37589108,63.35364606,63.36179931,63.37227618,63.36012579,63.31459647,63.24345494,63.16872489,63.11269865,63.08044555,63.05830041,63.01987613,62.93892236,62.80219793,62.61587605,62.40243022,62.19004975,62.00162315,61.84104285,61.69469286,61.54251371,61.36570017,61.15273912,60.9012426,60.61704741,60.31289464,60.00776145,59.72862026,59.5024436,59.34291868,59.24406495,59.17296091,59.07452306,58.8901072,58.58473737,58.17117744,57.71791343,57.34411903,57.17100725,57.26179407,57.61470732,58.16340434,58.80785716,59.45927545,60.07823855,60.68834937,61.35983716,62.18153484,63.19558079,64.38253712,65.68455302,67.03167406,68.37192436,69.68574658,70.97970221,72.26622095,73.54288875,74.77762086,75.93137103,76.97456296,77.89806557,78.71270631,79.43575784,80.07547843,80.62448335,81.06714721,81.3970748,81.6287046,81.82062671,82.02781031,82.28601159,82.59531252,82.92213135,83.22126902,83.46796593,83.68087855,83.9208738,84.26839488,84.7508386
18,34.15610165,33.50110262,32.84752066,32.21952181,31.64995302,31.183904,30.88418262,30.83463711,31.0879106,31.68251625,32.61901476,33.85521467,35.31209862,36.88704825,38.46982887,39.95841649,41.27276975,42.35863032,43.19340279,43.80147506,44.20565188,44.42951429,44.49531891,44.42908801,44.26785275,44.06250176,43.87190699,43.74933605,43.73088332,43.81912693,43.98633135,44.20736823,44.47711043,44.82408323,45.30672439,45.99082393,46.91607692,48.06584394,49.35421372,50.62976036,51.71589544,52.48899218,52.89679232,52.96805888,52.7928623,52.48412967,52.1369878,51.80183752,51.47967053,51.13818397,50.73387171,50.25231013,49.71020762,49.14646101,48.60607526,48.12302146,47.71069796,47.36378035,47.06946913,46.82162613,46.63146361,46.53453115,46.56357939,46.74961674,47.10798886,47.63505242,48.31159269,49.10996639,50.00075357,50.95580902,51.94732501,52.94314464,53.90345346,54.78813593,55.55590988,56.16898669,56.59665437,56.817797,56.82269258,56.61431401,56.20859906,55.63279194,54.91502694,54.10082271,53.22043897,52.29493555,51.3391344,50.36749408,49.4024853,48.48315438,47.67144654,47.05442683,46.75234839,46.90574396,47.60119398,48.89927886,50.78955499,53.17476233,55.87744992,58.67096539,61.32512585,63.65072871,65.52976805,66.894468,67.81860915,68.39811699,68.73175457,68.89982988,68.94930692,68.89593723,68.74049068,68.48981198,68.17147916,67.83541285,67.54036562,67.31706805,67.15986418,67.0299121,66.87480835,66.65557338,66.36790432,66.04695965,65.75263878,65.54127276,65.44426791,65.42430268,65.42195112,65.37864573,65.26798249,65.1124927,64.97765864,64.94507341,65.0761452,65.38258157,65.81872834,66.28162498,66.6727617,66.92711014,67.02641652,66.99684948,66.89229521,66.77289907,66.68811008,66.66924784,66.73336675,66.88487026,67.11313709,67.40282981,67.72756119,68.05116187,68.33427954,68.54475401,68.66723885,68.70718009,68.68663977,68.63416185,68.57374133,68.51118192,68.44049849,68.35160913,68.23829209,68.10185054,67.94893201,67.78538449,67.61056911,67.41426522,67.18644323,66.92401147,66.63542128,66.33905847,66.0558388,65.80006276,65.57398715,65.3693353,65.17524704,64.98964199,64.8241506,64.69933477,64.63317696,64.6292218,64.67141178,64.72870543,64.76793314,64.76817229,64.72927423,64.67028492,64.61896218,64.58958592,64.57678885,64.55862814,64.50809102,64.40711995,64.25583927,64.0724289,63.8840946,63.71528958,63.5721601,63.4409208,63.29856463,63.12246923,62.89925278,62.62901269,62.32468948,62.00848896,61.70683327,61.44834959,61.25106681,61.11342828,61.01400748,60.90959064,60.74461835,60.47082447,60.07158296,59.58013498,59.08080193,58.70073637,58.55380814,58.6870338,59.08168964,59.65882556,60.31527483,60.97022418,61.60083419,62.24953475,62.99937099,63.94003936,65.09327454,66.40932461,67.80077619,69.17928529,70.49368315,71.74557687,72.97605325,74.23238463,75.53321049,76.84586328,78.09923892,79.22500911,80.18315777,80.97337419,81.62594159,82.18089524,82.66779677,83.09740817,83.46810493,83.77666943,84.04533289,84.30073898,84.56463928,84.84062482,85.1120244,85.35466934,85.55911491,85.74829829,85.97782096,86.31923083,86.79503686
19,29.9413507,29.42200447,28.87875113,28.31817658,27.76522279,27.26790411,26.89961485,26.75849311,26.91084281,27.40090577,28.22876721,29.3470671,30.66924306,32.08497406,33.4780434,34.7441453,35.80697252,36.62419022,37.19639793,37.57631712,37.81305897,37.9477725,38.00521174,37.99655734,37.93026223,37.82393113,37.70973631,37.62937522,37.62346315,37.71017513,37.87177412,38.07455418,38.28463826,38.48963907,38.71153667,39.00246691,39.4230886,40.01195605,40.75939924,41.59710822,42.401127,43.05395585,43.47806103,43.65664779,43.63297805,43.48749795,43.30371053,43.13778456,43.0038898,42.87956174,42.72241632,42.50512505,42.22942051,41.92204545,41.62136689,41.35930834,41.14823682,40.97915833,40.83164608,40.68986069,40.55668991,40.4633342,40.45259373,40.56689631,40.83347073,41.25681936,41.81995937,42.49218924,43.23847897,44.02592418,44.82538846,45.60750618,46.34112708,46.99837028,47.5520599,47.98053527,48.27020038,48.41595195,48.41987248,48.28929277,48.03517611,47.67121672,47.20829571,46.67013241,46.07376362,45.43341973,44.76130744,44.06991719,43.37683858,42.71111706,42.11913375,41.66749241,41.44917657,41.57225477,42.10058986,43.07280217,44.46905428,46.20263856,48.13034465,50.08057373,51.88962067,53.43327818,54.6448155,55.4961816,56.05485318,56.39520432,56.58610779,56.67788884,56.69523927,56.64214379,56.51557434,56.32084557,56.08083414,55.83531663,55.62881306,55.48230229,55.38912714,55.31859595,55.23198633,55.10308412,54.93304138,54.75154969,54.60275182,54.52160238,54.51529536,54.53769599,54.5296147,54.44237249,54.2654901,54.03897988,53.8433097,53.76969797,53.88248415,54.19006518,54.63959143,55.11936173,55.52660361,55.79764743,55.9198977,55.92568795,55.87055443,55.80776539,55.77093541,55.77098228,55.80659533,55.87765298,55.99147546,56.16142907,56.39332271,56.67510398,56.97531553,57.25231732,57.47027962,57.61387359,57.69393825,57.74269277,57.7981152,57.8778287,57.97722001,58.07446128,58.14330542,58.16665963,58.14447437,58.09245153,58.0328703,57.98360949,57.94535298,57.90580651,57.84851574,57.76214161,57.646292,57.51161668,57.37522964,57.25448637,57.16239239,57.10906104,57.09654092,57.1252603,57.19377214,57.29551257,57.4169797,57.53886408,57.64103151,57.70964019,57.7430467,57.75280242,57.76150728,57.78669464,57.83299749,57.88969892,57.93491496,57.94537799,57.90745825,57.8244503,57.71669574,57.61562141,57.54815459,57.51923908,57.51108307,57.48708575,57.40465656,57.23240493,56.96604297,56.63653373,56.30512547,56.05116646,55.9304194,55.93946692,56.01802255,56.05731309,55.93404107,55.55809732,54.91657797,54.09442728,53.25975799,52.63589849,52.40101075,52.6116201,53.21906379,54.08628915,55.04528275,55.96366194,56.791839,57.57113902,58.40157796,59.39616299,60.59855684,61.96839429,63.41716653,64.84849445,66.19980977,67.46107631,68.66423156,69.85255765,71.04806786,72.22945429,73.34697856,74.35265789,75.22163191,75.95911215,76.58947912,77.13716643,77.61203538,78.00804188,78.31541948,78.53200912,78.69343636,78.83892006,78.99963268,79.18383902,79.37614595,79.55371545,79.71177622,79.8819258,80.13044637,80.53769993,81.11924241
20,26.15464419,25.69649194,25.22413931,24.7462866,24.28254103,23.86854337,23.56012548,23.43515128,23.54915823,23.94191661,24.61725812,25.53801333,26.63134772,27.80158944,28.94648472,29.97415203,30.81844538,31.44471267,31.85758787,32.10736015,32.24022951,32.29454595,32.293759,32.24918432,32.16924574,32.06899459,31.97376166,31.91423557,31.91755637,31.99075926,32.11403446,32.2591094,32.40344431,32.54694464,32.71911615,32.97102643,33.35373133,33.8918066,34.56373749,35.29656421,35.9758684,36.50200601,36.81568478,36.91284254,36.84011929,36.67274584,36.48523825,36.32742397,36.21458182,36.13359732,36.05906175,35.97316378,35.87794449,35.78924919,35.72549588,35.69583039,35.69418895,35.70233562,35.70001879,35.67657258,35.63799306,35.60885471,35.61955736,35.69495796,35.84893575,36.08418987,36.39711243,36.78402799,37.24454356,37.77974074,38.38599874,39.04839252,39.73067485,40.3842851,40.95868332,41.40964512,41.70724564,41.83967766,41.81285044,41.64692429,41.37106464,41.01758234,40.61486127,40.1883061,39.74848065,39.29605272,38.82604666,38.3344314,37.82603802,37.3216963,36.86245783,36.50955057,36.34686351,36.4706308,36.93993394,37.79466437,39.02902982,40.58320387,42.34808969,44.18386508,45.94666507,47.51459434,48.80601256,49.76618013,50.4299618,50.85027174,51.08724974,51.19493416,51.20983919,51.14925062,51.01894663,50.82560167,50.58689129,50.33433085,50.10671099,49.92698043,49.79586722,49.69279387,49.58754239,49.45711457,49.29902192,49.13354508,48.9928849,48.90172647,48.86057806,48.82778879,48.75183477,48.59271305,48.34554706,48.05020207,47.78110465,47.62026476,47.62441249,47.80092868,48.10599222,48.4480239,48.74612002,48.95388792,49.06558289,49.1073166,49.1173823,49.1270516,49.15141456,49.19338752,49.25721042,49.36154561,49.53479025,49.80502005,50.18177828,50.64489043,51.146122,51.62383128,52.02418982,52.31924373,52.51321202,52.6354869,52.73100263,52.82405485,52.91848805,53.00167108,53.05562054,53.06838345,53.03993989,52.98045992,52.90311477,52.81588382,52.71901076,52.60787446,52.4802061,52.34029412,52.1982987,52.06546541,51.94859084,51.84763735,51.75835302,51.67955785,51.61771262,51.58679719,51.60085045,51.66397887,51.76394316,51.87337619,51.95932555,51.99670845,51.97913203,51.92068013,51.85280289,51.80003572,51.76870285,51.7448339,51.70172326,51.61424799,51.47294269,51.29101625,51.10086907,50.94453686,50.85054931,50.81823089,50.82344897,50.82635811,50.78646341,50.67819303,50.50188054,50.28644455,50.08203272,49.94923037,49.92657333,50.00652018,50.13870198,50.23545666,50.19656362,49.9453736,49.46428731,48.81437478,48.12817865,47.59068966,47.36191642,47.50670646,48.00103076,48.74028378,49.58344934,50.40941239,51.16099079,51.85789364,52.57476249,53.40399866,54.38962907,55.50830252,56.69597131,57.88061977,59.01664637,60.10012787,61.15908619,62.2267312,63.31389557,64.39190005,65.40987622,66.3257485,67.12452024,67.82192645,68.44999699,69.03495715,69.58107233,70.0704706,70.47920418,70.79313331,71.04496558,71.27887473,71.53469537,71.82744848,72.1413199,72.44355916,72.7119384,72.9590855,73.23771564,73.62551746,74.15591587
